"gene_id","tissue","mean_tpm","sd_tpm","n","note","aqp_family_subfamily","subfamilia_phylo","fuente_seq","TMHs","needs_reannotation"
"Fxa1Ag01329","crown",0,0,3,"","FaPIP2","PIP","GFF3",6,FALSE
"Fxa1Ag01329","green_fruit",0.0632850299927415,0.109612887305949,3,"","FaPIP2","PIP","GFF3",6,FALSE
"Fxa1Ag01329","leaf",0,0,3,"","FaPIP2","PIP","GFF3",6,FALSE
"Fxa1Ag01329","red_fruit",0,0,3,"","FaPIP2","PIP","GFF3",6,FALSE
"Fxa1Ag01329","roots",0.0586850249471182,0.082993158188418,2,"","FaPIP2","PIP","GFF3",6,FALSE
"Fxa1Ag01329","aux_bud",0,NA,1,"N=1_descriptive_only","FaPIP2","PIP","GFF3",6,FALSE
"Fxa1Ag02792","crown",12.5452433082454,2.41081173350745,3,"","FaSIP2","SIP","GFF3",6,FALSE
"Fxa1Ag02792","green_fruit",10.8502460761429,0.91027039038739,3,"","FaSIP2","SIP","GFF3",6,FALSE
"Fxa1Ag02792","leaf",15.238249075071,5.46046536034744,3,"","FaSIP2","SIP","GFF3",6,FALSE
"Fxa1Ag02792","red_fruit",5.93487071216798,1.2519559913681,3,"","FaSIP2","SIP","GFF3",6,FALSE
"Fxa1Ag02792","roots",15.6526112348643,3.499805414979,2,"","FaSIP2","SIP","GFF3",6,FALSE
"Fxa1Ag02792","aux_bud",4.58436698737351,NA,1,"N=1_descriptive_only","FaSIP2","SIP","GFF3",6,FALSE
"Fxa1Bg01161","crown",0,0,3,"","FaPIP2","PIP","GFF3",6,FALSE
"Fxa1Bg01161","green_fruit",0,0,3,"","FaPIP2","PIP","GFF3",6,FALSE
"Fxa1Bg01161","leaf",0.0577290127426913,0.0999895831411326,3,"","FaPIP2","PIP","GFF3",6,FALSE
"Fxa1Bg01161","red_fruit",0.0311380595399288,0.0539327011722614,3,"","FaPIP2","PIP","GFF3",6,FALSE
"Fxa1Bg01161","roots",0,0,2,"","FaPIP2","PIP","GFF3",6,FALSE
"Fxa1Bg01161","aux_bud",0,NA,1,"N=1_descriptive_only","FaPIP2","PIP","GFF3",6,FALSE
"Fxa1Cg01161","crown",0,0,3,"","FaPIP2","PIP","GFF3",6,FALSE
"Fxa1Cg01161","green_fruit",0.0927004461797847,0.00215893544710407,3,"","FaPIP2","PIP","GFF3",6,FALSE
"Fxa1Cg01161","leaf",0.146084139028029,0.0388874003742421,3,"","FaPIP2","PIP","GFF3",6,FALSE
"Fxa1Cg01161","red_fruit",0,0,3,"","FaPIP2","PIP","GFF3",6,FALSE
"Fxa1Cg01161","roots",0,0,2,"","FaPIP2","PIP","GFF3",6,FALSE
"Fxa1Cg01161","aux_bud",0.099491785171069,NA,1,"N=1_descriptive_only","FaPIP2","PIP","GFF3",6,FALSE
"Fxa1Cg02650","crown",3.13817725376888,0.907126602768486,3,"","FaSIP2","SIP","GFF3",6,FALSE
"Fxa1Cg02650","green_fruit",5.92851956351414,0.208600292592163,3,"","FaSIP2","SIP","GFF3",6,FALSE
"Fxa1Cg02650","leaf",7.85809028633684,2.95697505041915,3,"","FaSIP2","SIP","GFF3",6,FALSE
"Fxa1Cg02650","red_fruit",3.82389215818172,0.455003609639096,3,"","FaSIP2","SIP","GFF3",6,FALSE
"Fxa1Cg02650","roots",8.34411713664862,0.430054678365894,2,"","FaSIP2","SIP","GFF3",6,FALSE
"Fxa1Cg02650","aux_bud",6.47877515008638,NA,1,"N=1_descriptive_only","FaSIP2","SIP","GFF3",6,FALSE
"Fxa1Dg01169","crown",0,0,3,"","FaPIP2","PIP","GFF3",6,FALSE
"Fxa1Dg01169","green_fruit",0.0925569614301213,0.160313359791163,3,"","FaPIP2","PIP","GFF3",6,FALSE
"Fxa1Dg01169","leaf",0.152670464752944,0.0631926939567746,3,"","FaPIP2","PIP","GFF3",6,FALSE
"Fxa1Dg01169","red_fruit",0,0,3,"","FaPIP2","PIP","GFF3",6,FALSE
"Fxa1Dg01169","roots",0.052174137993067,0.0737853735549207,2,"","FaPIP2","PIP","GFF3",6,FALSE
"Fxa1Dg01169","aux_bud",0.099491785171069,NA,1,"N=1_descriptive_only","FaPIP2","PIP","GFF3",6,FALSE
"Fxa1Dg02410","crown",24.5655543155997,5.529038074952,3,"","FaSIP2","SIP","GFF3",6,FALSE
"Fxa1Dg02410","green_fruit",15.4697435789705,2.57964338839597,3,"","FaSIP2","SIP","GFF3",6,FALSE
"Fxa1Dg02410","leaf",23.7956242178911,5.89751964222354,3,"","FaSIP2","SIP","GFF3",6,FALSE
"Fxa1Dg02410","red_fruit",9.18926426077846,1.17407447268157,3,"","FaSIP2","SIP","GFF3",6,FALSE
"Fxa1Dg02410","roots",18.7529586336606,2.45508515151097,2,"","FaSIP2","SIP","GFF3",6,FALSE
"Fxa1Dg02410","aux_bud",10.13861781736,NA,1,"N=1_descriptive_only","FaSIP2","SIP","GFF3",6,FALSE
"Fxa2Ag00184","crown",0.12063792176625,0.0592273948236856,3,"","FaXIP2","XIP","EXONERATE",6,FALSE
"Fxa2Ag00184","green_fruit",0.286942912573509,0.34962954520431,3,"","FaXIP2","XIP","EXONERATE",6,FALSE
"Fxa2Ag00184","leaf",0.415927284312576,0.376225501759539,3,"","FaXIP2","XIP","EXONERATE",6,FALSE
"Fxa2Ag00184","red_fruit",0,0,3,"","FaXIP2","XIP","EXONERATE",6,FALSE
"Fxa2Ag00184","roots",0.769990077571271,0.41312897963117,2,"","FaXIP2","XIP","EXONERATE",6,FALSE
"Fxa2Ag00184","aux_bud",0.303805272575943,NA,1,"N=1_descriptive_only","FaXIP2","XIP","EXONERATE",6,FALSE
"Fxa2Ag00187","crown",0.0921557573413205,0.159618453925156,3,"","FaXIP1","XIP","GFF3",6,FALSE
"Fxa2Ag00187","green_fruit",0.0314220096653856,0.0544245172163682,3,"","FaXIP1","XIP","GFF3",6,FALSE
"Fxa2Ag00187","leaf",1.80366370676277,1.06740144532896,3,"","FaXIP1","XIP","GFF3",6,FALSE
"Fxa2Ag00187","red_fruit",0,0,3,"","FaXIP1","XIP","GFF3",6,FALSE
"Fxa2Ag00187","roots",0.913107012146107,0.467180233934959,2,"","FaXIP1","XIP","GFF3",6,FALSE
"Fxa2Ag00187","aux_bud",0,NA,1,"N=1_descriptive_only","FaXIP1","XIP","GFF3",6,FALSE
"Fxa2Ag01701","crown",41.7241143895593,7.56008419668326,3,"","FaPIP2","PIP","GFF3",6,FALSE
"Fxa2Ag01701","green_fruit",98.0133920860802,2.36023698071644,3,"","FaPIP2","PIP","GFF3",6,FALSE
"Fxa2Ag01701","leaf",41.0714353183382,7.77222790133301,3,"","FaPIP2","PIP","GFF3",6,FALSE
"Fxa2Ag01701","red_fruit",2.28541723417691,1.44796601211938,3,"","FaPIP2","PIP","GFF3",6,FALSE
"Fxa2Ag01701","roots",24.9791911782304,5.69824556008031,2,"","FaPIP2","PIP","GFF3",6,FALSE
"Fxa2Ag01701","aux_bud",59.9246675299593,NA,1,"N=1_descriptive_only","FaPIP2","PIP","GFF3",6,FALSE
"Fxa2Ag03929","crown",8.70279065114453,3.71639518789573,3,"","FaTIP4","TIP","GFF3",6,FALSE
"Fxa2Ag03929","green_fruit",66.699392411678,16.7878751622338,3,"","FaTIP4","TIP","GFF3",6,FALSE
"Fxa2Ag03929","leaf",11.4638948391109,0.645193313788519,3,"","FaTIP4","TIP","GFF3",6,FALSE
"Fxa2Ag03929","red_fruit",2.50139532733422,0.771731382767984,3,"","FaTIP4","TIP","GFF3",6,FALSE
"Fxa2Ag03929","roots",22.6969974481751,5.90411474680569,2,"","FaTIP4","TIP","GFF3",6,FALSE
"Fxa2Ag03929","aux_bud",58.9756057140077,NA,1,"N=1_descriptive_only","FaTIP4","TIP","GFF3",6,FALSE
"Fxa2Bg00218","crown",0.0264751775344935,0.0458563526291488,3,"","FaXIP2","XIP","GFF3",6,FALSE
"Fxa2Bg00218","green_fruit",0.0264051391467313,0.0457350425830645,3,"","FaXIP2","XIP","GFF3",6,FALSE
"Fxa2Bg00218","leaf",0.361185424810222,0.482969135375514,3,"","FaXIP2","XIP","GFF3",6,FALSE
"Fxa2Bg00218","red_fruit",0,0,3,"","FaXIP2","XIP","GFF3",6,FALSE
"Fxa2Bg00218","roots",0.692018150075653,0.726062877111366,2,"","FaXIP2","XIP","GFF3",6,FALSE
"Fxa2Bg00218","aux_bud",1.19210877727497,NA,1,"N=1_descriptive_only","FaXIP2","XIP","GFF3",6,FALSE
"Fxa2Bg00222","crown",0,0,3,"","FaXIP2","XIP","GFF3",6,FALSE
"Fxa2Bg00222","green_fruit",0,0,3,"","FaXIP2","XIP","GFF3",6,FALSE
"Fxa2Bg00222","leaf",0,0,3,"","FaXIP2","XIP","GFF3",6,FALSE
"Fxa2Bg00222","red_fruit",0,0,3,"","FaXIP2","XIP","GFF3",6,FALSE
"Fxa2Bg00222","roots",0,0,2,"","FaXIP2","XIP","GFF3",6,FALSE
"Fxa2Bg00222","aux_bud",0,NA,1,"N=1_descriptive_only","FaXIP2","XIP","GFF3",6,FALSE
"Fxa2Bg01497","crown",105.229332661166,26.1989673177261,3,"","FaPIP2","PIP","GFF3",6,FALSE
"Fxa2Bg01497","green_fruit",74.4838533837374,6.17357661371264,3,"","FaPIP2","PIP","GFF3",6,FALSE
"Fxa2Bg01497","leaf",95.7748327575131,14.5971736551634,3,"","FaPIP2","PIP","GFF3",6,FALSE
"Fxa2Bg01497","red_fruit",3.03585213068096,0.943048217356015,3,"","FaPIP2","PIP","GFF3",6,FALSE
"Fxa2Bg01497","roots",55.7289394784309,9.76050169061553,2,"","FaPIP2","PIP","GFF3",6,FALSE
"Fxa2Bg01497","aux_bud",89.5902357000547,NA,1,"N=1_descriptive_only","FaPIP2","PIP","GFF3",6,FALSE
"Fxa2Bg03539","crown",2.82987015538239,0.191169931869277,3,"","FaTIP4","TIP","GFF3",6,FALSE
"Fxa2Bg03539","green_fruit",0.124216484489885,0.215149262274073,3,"","FaTIP4","TIP","GFF3",6,FALSE
"Fxa2Bg03539","leaf",0,0,3,"","FaTIP4","TIP","GFF3",6,FALSE
"Fxa2Bg03539","red_fruit",0,0,3,"","FaTIP4","TIP","GFF3",6,FALSE
"Fxa2Bg03539","roots",1.97631900595976,0.44918010870987,2,"","FaTIP4","TIP","GFF3",6,FALSE
"Fxa2Bg03539","aux_bud",0.937360620619989,NA,1,"N=1_descriptive_only","FaTIP4","TIP","GFF3",6,FALSE
"Fxa2Cg00636","crown",18.2804114125189,6.69412976844252,3,"","FaTIP4","TIP","GFF3",6,FALSE
"Fxa2Cg00636","green_fruit",48.5773748760632,16.5064253552876,3,"","FaTIP4","TIP","GFF3",6,FALSE
"Fxa2Cg00636","leaf",17.0501199932772,2.0175220656076,3,"","FaTIP4","TIP","GFF3",6,FALSE
"Fxa2Cg00636","red_fruit",2.33770181329418,0.744203019904105,3,"","FaTIP4","TIP","GFF3",6,FALSE
"Fxa2Cg00636","roots",65.3410066609897,8.7408036187251,2,"","FaTIP4","TIP","GFF3",6,FALSE
"Fxa2Cg00636","aux_bud",108.030811526454,NA,1,"N=1_descriptive_only","FaTIP4","TIP","GFF3",6,FALSE
"Fxa2Dg00210","crown",0,0,3,"","FaXIP2","XIP","GFF3",6,FALSE
"Fxa2Dg00210","green_fruit",0,0,3,"","FaXIP2","XIP","GFF3",6,FALSE
"Fxa2Dg00210","leaf",0.682128909260728,0.27988937866504,3,"","FaXIP2","XIP","GFF3",6,FALSE
"Fxa2Dg00210","red_fruit",0,0,3,"","FaXIP2","XIP","GFF3",6,FALSE
"Fxa2Dg00210","roots",0.244700163648682,0.0494683204453259,2,"","FaXIP2","XIP","GFF3",6,FALSE
"Fxa2Dg00210","aux_bud",1.42220232094067,NA,1,"N=1_descriptive_only","FaXIP2","XIP","GFF3",6,FALSE
"Fxa2Dg00213","crown",0.146909357470673,0.0571420610704892,3,"","FaXIP1","XIP","GFF3",6,FALSE
"Fxa2Dg00213","green_fruit",0.0928391379768041,0.0942984213900085,3,"","FaXIP1","XIP","GFF3",6,FALSE
"Fxa2Dg00213","leaf",0.740760860579603,0.544173836018177,3,"","FaXIP1","XIP","GFF3",6,FALSE
"Fxa2Dg00213","red_fruit",0.0607969367997897,0.10530338348179,3,"","FaXIP1","XIP","GFF3",6,FALSE
"Fxa2Dg00213","roots",0.382070430807953,0.0458403331063144,2,"","FaXIP1","XIP","GFF3",6,FALSE
"Fxa2Dg00213","aux_bud",0.296395387878969,NA,1,"N=1_descriptive_only","FaXIP1","XIP","GFF3",6,FALSE
"Fxa2Dg01359","crown",25.1599807146411,7.83304223772844,3,"","FaPIP2","PIP","GFF3",6,FALSE
"Fxa2Dg01359","green_fruit",68.5943953520238,11.2480191169574,3,"","FaPIP2","PIP","GFF3",6,FALSE
"Fxa2Dg01359","leaf",85.8187350877463,26.9897890916372,3,"","FaPIP2","PIP","GFF3",6,FALSE
"Fxa2Dg01359","red_fruit",33.6235518657369,3.95128647343849,3,"","FaPIP2","PIP","GFF3",6,FALSE
"Fxa2Dg01359","roots",26.7319298928511,7.52719099316939,2,"","FaPIP2","PIP","GFF3",6,FALSE
"Fxa2Dg01359","aux_bud",55.640740932448,NA,1,"N=1_descriptive_only","FaPIP2","PIP","GFF3",6,FALSE
"Fxa2Dg03205","crown",6.2447973692648,2.30915564108565,3,"","FaTIP4","TIP","GFF3",6,FALSE
"Fxa2Dg03205","green_fruit",7.31358056161363,1.9710626284449,3,"","FaTIP4","TIP","GFF3",6,FALSE
"Fxa2Dg03205","leaf",1.83662047092801,1.17978392573462,3,"","FaTIP4","TIP","GFF3",6,FALSE
"Fxa2Dg03205","red_fruit",0.175514123946761,0.111203826651862,3,"","FaTIP4","TIP","GFF3",6,FALSE
"Fxa2Dg03205","roots",19.9089658628377,7.8442865283945,2,"","FaTIP4","TIP","GFF3",6,FALSE
"Fxa2Dg03205","aux_bud",22.9442660903226,NA,1,"N=1_descriptive_only","FaTIP4","TIP","GFF3",6,FALSE
"Fxa3Ag00839","crown",2.28857647232209,0.504533104044374,3,"","FaNIP1","NIP","GFF3",6,FALSE
"Fxa3Ag00839","green_fruit",2.76682946645441,0.39850527172904,3,"","FaNIP1","NIP","GFF3",6,FALSE
"Fxa3Ag00839","leaf",4.09648834853002,0.995743857643744,3,"","FaNIP1","NIP","GFF3",6,FALSE
"Fxa3Ag00839","red_fruit",0.159621768720984,0.140405908459738,3,"","FaNIP1","NIP","GFF3",6,FALSE
"Fxa3Ag00839","roots",16.0260369566916,6.43955079549245,2,"","FaNIP1","NIP","GFF3",6,FALSE
"Fxa3Ag00839","aux_bud",3.60398453815712,NA,1,"N=1_descriptive_only","FaNIP1","NIP","GFF3",6,FALSE
"Fxa3Ag00840","crown",0,0,3,"","FaNIP1","NIP","EXONERATE",6,FALSE
"Fxa3Ag00840","green_fruit",0.0302056107067068,0.0523176524176627,3,"","FaNIP1","NIP","EXONERATE",6,FALSE
"Fxa3Ag00840","leaf",0,0,3,"","FaNIP1","NIP","EXONERATE",6,FALSE
"Fxa3Ag00840","red_fruit",0,0,3,"","FaNIP1","NIP","EXONERATE",6,FALSE
"Fxa3Ag00840","roots",0,0,2,"","FaNIP1","NIP","EXONERATE",6,FALSE
"Fxa3Ag00840","aux_bud",0,NA,1,"N=1_descriptive_only","FaNIP1","NIP","EXONERATE",6,FALSE
"Fxa3Ag00841","crown",0,0,3,"","FaNIP1","NIP","GFF3_FALLBACK",8,TRUE
"Fxa3Ag00841","green_fruit",0,0,3,"","FaNIP1","NIP","GFF3_FALLBACK",8,TRUE
"Fxa3Ag00841","leaf",0,0,3,"","FaNIP1","NIP","GFF3_FALLBACK",8,TRUE
"Fxa3Ag00841","red_fruit",0,0,3,"","FaNIP1","NIP","GFF3_FALLBACK",8,TRUE
"Fxa3Ag00841","roots",0,0,2,"","FaNIP1","NIP","GFF3_FALLBACK",8,TRUE
"Fxa3Ag00841","aux_bud",0,NA,1,"N=1_descriptive_only","FaNIP1","NIP","GFF3_FALLBACK",8,TRUE
"Fxa3Ag03208","crown",75.5287398685043,14.2479746919534,3,"","FaPIP2","PIP","GFF3",6,FALSE
"Fxa3Ag03208","green_fruit",21.1222365629065,4.2444389612738,3,"","FaPIP2","PIP","GFF3",6,FALSE
"Fxa3Ag03208","leaf",21.7898591846437,1.32084232671063,3,"","FaPIP2","PIP","GFF3",6,FALSE
"Fxa3Ag03208","red_fruit",2.7696095825972,0.934288242093273,3,"","FaPIP2","PIP","GFF3",6,FALSE
"Fxa3Ag03208","roots",341.080402009628,98.6706215419365,2,"","FaPIP2","PIP","GFF3",6,FALSE
"Fxa3Ag03208","aux_bud",8.5065476321264,NA,1,"N=1_descriptive_only","FaPIP2","PIP","GFF3",6,FALSE
"Fxa3Ag03414","crown",1.91942074232358,0.632600131209695,3,"","FaTIP1","TIP","GFF3",6,FALSE
"Fxa3Ag03414","green_fruit",0.952768391824396,0.162405750974334,3,"","FaTIP1","TIP","GFF3",6,FALSE
"Fxa3Ag03414","leaf",1.9458344173797,0.773253124352136,3,"","FaTIP1","TIP","GFF3",6,FALSE
"Fxa3Ag03414","red_fruit",0.0239631331292881,0.041505364088464,3,"","FaTIP1","TIP","GFF3",6,FALSE
"Fxa3Ag03414","roots",158.286689898779,31.2204030783673,2,"","FaTIP1","TIP","GFF3",6,FALSE
"Fxa3Ag03414","aux_bud",3.5986295113406,NA,1,"N=1_descriptive_only","FaTIP1","TIP","GFF3",6,FALSE
"Fxa3Bg00729","crown",1.24714435755095,0.758160450104089,3,"","FaNIP1","NIP","GFF3",6,FALSE
"Fxa3Bg00729","green_fruit",3.41613753479774,0.538673036682776,3,"","FaNIP1","NIP","GFF3",6,FALSE
"Fxa3Bg00729","leaf",2.23345396586048,1.24989522420533,3,"","FaNIP1","NIP","GFF3",6,FALSE
"Fxa3Bg00729","red_fruit",0.159660804091455,0.190908048327222,3,"","FaNIP1","NIP","GFF3",6,FALSE
"Fxa3Bg00729","roots",10.7259555646061,2.80723830775416,2,"","FaNIP1","NIP","GFF3",6,FALSE
"Fxa3Bg00729","aux_bud",3.8483368761139,NA,1,"N=1_descriptive_only","FaNIP1","NIP","GFF3",6,FALSE
"Fxa3Bg00730","crown",0,0,3,"","FaNIP1","NIP","GFF3",6,FALSE
"Fxa3Bg00730","green_fruit",0,0,3,"","FaNIP1","NIP","GFF3",6,FALSE
"Fxa3Bg00730","leaf",0,0,3,"","FaNIP1","NIP","GFF3",6,FALSE
"Fxa3Bg00730","red_fruit",0,0,3,"","FaNIP1","NIP","GFF3",6,FALSE
"Fxa3Bg00730","roots",0.122979647867123,0.173919485909553,2,"","FaNIP1","NIP","GFF3",6,FALSE
"Fxa3Bg00730","aux_bud",0,NA,1,"N=1_descriptive_only","FaNIP1","NIP","GFF3",6,FALSE
"Fxa3Bg03093","crown",42.2286727362669,7.39411857952094,3,"","FaPIP2","PIP","GFF3",6,FALSE
"Fxa3Bg03093","green_fruit",144.006254358527,12.6109571503748,3,"","FaPIP2","PIP","GFF3",6,FALSE
"Fxa3Bg03093","leaf",32.4450344438012,0.846266061409224,3,"","FaPIP2","PIP","GFF3",6,FALSE
"Fxa3Bg03093","red_fruit",10.3454648309577,3.60169429098555,3,"","FaPIP2","PIP","GFF3",6,FALSE
"Fxa3Bg03093","roots",476.795260170515,125.586901380922,2,"","FaPIP2","PIP","GFF3",6,FALSE
"Fxa3Bg03093","aux_bud",8.33021462188218,NA,1,"N=1_descriptive_only","FaPIP2","PIP","GFF3",6,FALSE
"Fxa3Bg03276","crown",12.4385298058053,4.08161892154399,3,"","FaTIP1","TIP","GFF3",6,FALSE
"Fxa3Bg03276","green_fruit",2.53087726762297,0.263979518784988,3,"","FaTIP1","TIP","GFF3",6,FALSE
"Fxa3Bg03276","leaf",3.13187736923569,1.30197095034505,3,"","FaTIP1","TIP","GFF3",6,FALSE
"Fxa3Bg03276","red_fruit",1.21205246694939,0.845367663798823,3,"","FaTIP1","TIP","GFF3",6,FALSE
"Fxa3Bg03276","roots",184.903459284781,18.2770015298407,2,"","FaTIP1","TIP","GFF3",6,FALSE
"Fxa3Bg03276","aux_bud",7.07610849541821,NA,1,"N=1_descriptive_only","FaTIP1","TIP","GFF3",6,FALSE
"Fxa3Cg00714","crown",3.50774561077226,1.79337175976685,3,"","FaNIP1","NIP","GFF3",6,FALSE
"Fxa3Cg00714","green_fruit",0.230559748473563,0.126027674472867,3,"","FaNIP1","NIP","GFF3",6,FALSE
"Fxa3Cg00714","leaf",0.446087774502869,0.192304396324677,3,"","FaNIP1","NIP","GFF3",6,FALSE
"Fxa3Cg00714","red_fruit",0.0418769300676951,0.0725329705422568,3,"","FaNIP1","NIP","GFF3",6,FALSE
"Fxa3Cg00714","roots",16.9591531247815,6.49952973355767,2,"","FaNIP1","NIP","GFF3",6,FALSE
"Fxa3Cg00714","aux_bud",0,NA,1,"N=1_descriptive_only","FaNIP1","NIP","GFF3",6,FALSE
"Fxa3Cg00715","crown",0,0,3,"","FaNIP1","NIP","GFF3",6,FALSE
"Fxa3Cg00715","green_fruit",0,0,3,"","FaNIP1","NIP","GFF3",6,FALSE
"Fxa3Cg00715","leaf",0,0,3,"","FaNIP1","NIP","GFF3",6,FALSE
"Fxa3Cg00715","red_fruit",0,0,3,"","FaNIP1","NIP","GFF3",6,FALSE
"Fxa3Cg00715","roots",0,0,2,"","FaNIP1","NIP","GFF3",6,FALSE
"Fxa3Cg00715","aux_bud",0,NA,1,"N=1_descriptive_only","FaNIP1","NIP","GFF3",6,FALSE
"Fxa3Cg03061","crown",48.4262546148317,6.97850995700573,3,"","FaPIP2","PIP","GFF3",6,FALSE
"Fxa3Cg03061","green_fruit",75.7746759446278,7.08987146456691,3,"","FaPIP2","PIP","GFF3",6,FALSE
"Fxa3Cg03061","leaf",15.9278461096198,2.39105718071786,3,"","FaPIP2","PIP","GFF3",6,FALSE
"Fxa3Cg03061","red_fruit",4.22630518068077,1.35465100653513,3,"","FaPIP2","PIP","GFF3",6,FALSE
"Fxa3Cg03061","roots",313.111707402183,95.4110975595198,2,"","FaPIP2","PIP","GFF3",6,FALSE
"Fxa3Cg03061","aux_bud",6.80523810570112,NA,1,"N=1_descriptive_only","FaPIP2","PIP","GFF3",6,FALSE
"Fxa3Cg03258","crown",2.20513910884923,0.840302296230171,3,"","FaTIP1","TIP","GFF3",6,FALSE
"Fxa3Cg03258","green_fruit",0.902937933087565,0.222072121306456,3,"","FaTIP1","TIP","GFF3",6,FALSE
"Fxa3Cg03258","leaf",1.2569576536722,0.624341709159508,3,"","FaTIP1","TIP","GFF3",6,FALSE
"Fxa3Cg03258","red_fruit",0.735457906909077,0.705511004949875,3,"","FaTIP1","TIP","GFF3",6,FALSE
"Fxa3Cg03258","roots",193.358621385325,18.6859962622989,2,"","FaTIP1","TIP","GFF3",6,FALSE
"Fxa3Cg03258","aux_bud",3.59216297133819,NA,1,"N=1_descriptive_only","FaTIP1","TIP","GFF3",6,FALSE
"Fxa3Dg00712","crown",1.79467530590776,0.720163181151788,3,"","FaNIP1","NIP","GFF3",6,FALSE
"Fxa3Dg00712","green_fruit",4.48315470445938,1.16549108371904,3,"","FaNIP1","NIP","GFF3",6,FALSE
"Fxa3Dg00712","leaf",3.56271860084912,1.99332363671412,3,"","FaNIP1","NIP","GFF3",6,FALSE
"Fxa3Dg00712","red_fruit",1.29009056688395,0.709994067401541,3,"","FaNIP1","NIP","GFF3",6,FALSE
"Fxa3Dg00712","roots",23.5142535065202,4.0890584156807,2,"","FaNIP1","NIP","GFF3",6,FALSE
"Fxa3Dg00712","aux_bud",1.00372243446919,NA,1,"N=1_descriptive_only","FaNIP1","NIP","GFF3",6,FALSE
"Fxa3Dg00713","crown",0,0,3,"","FaNIP1","NIP","GFF3",6,FALSE
"Fxa3Dg00713","green_fruit",0,0,3,"","FaNIP1","NIP","GFF3",6,FALSE
"Fxa3Dg00713","leaf",0,0,3,"","FaNIP1","NIP","GFF3",6,FALSE
"Fxa3Dg00713","red_fruit",0,0,3,"","FaNIP1","NIP","GFF3",6,FALSE
"Fxa3Dg00713","roots",0,0,2,"","FaNIP1","NIP","GFF3",6,FALSE
"Fxa3Dg00713","aux_bud",0,NA,1,"N=1_descriptive_only","FaNIP1","NIP","GFF3",6,FALSE
"Fxa3Dg02827","crown",105.898679487739,12.6753131924545,3,"","FaPIP2","PIP","GFF3",6,FALSE
"Fxa3Dg02827","green_fruit",142.894306206145,14.9442272191025,3,"","FaPIP2","PIP","GFF3",6,FALSE
"Fxa3Dg02827","leaf",37.7270856612179,6.1001418218191,3,"","FaPIP2","PIP","GFF3",6,FALSE
"Fxa3Dg02827","red_fruit",3.12106117058341,0.94514284829904,3,"","FaPIP2","PIP","GFF3",6,FALSE
"Fxa3Dg02827","roots",391.486318998213,94.9994237071324,2,"","FaPIP2","PIP","GFF3",6,FALSE
"Fxa3Dg02827","aux_bud",14.7860591888892,NA,1,"N=1_descriptive_only","FaPIP2","PIP","GFF3",6,FALSE
"Fxa3Dg02998","crown",12.0065032703779,3.88564184562869,3,"","FaTIP1","TIP","GFF3",6,FALSE
"Fxa3Dg02998","green_fruit",10.5453308122665,1.85114052691934,3,"","FaTIP1","TIP","GFF3",6,FALSE
"Fxa3Dg02998","leaf",5.56434158717419,2.12892712965467,3,"","FaTIP1","TIP","GFF3",6,FALSE
"Fxa3Dg02998","red_fruit",0.481258907657882,0.3228232842244,3,"","FaTIP1","TIP","GFF3",6,FALSE
"Fxa3Dg02998","roots",126.877309482256,37.5133113250197,2,"","FaTIP1","TIP","GFF3",6,FALSE
"Fxa3Dg02998","aux_bud",19.8129122007261,NA,1,"N=1_descriptive_only","FaTIP1","TIP","GFF3",6,FALSE
"Fxa4Ag01484","crown",0.533481996085714,0.462133068830615,3,"","FaNIP7","NIP","GFF3_FALLBACK",5,TRUE
"Fxa4Ag01484","green_fruit",0.042828851002047,0.0741817459653426,3,"","FaNIP7","NIP","GFF3_FALLBACK",5,TRUE
"Fxa4Ag01484","leaf",0.16142880099871,0.188338738038293,3,"","FaNIP7","NIP","GFF3_FALLBACK",5,TRUE
"Fxa4Ag01484","red_fruit",0.0434047782625364,0.0751792812419743,3,"","FaNIP7","NIP","GFF3_FALLBACK",5,TRUE
"Fxa4Ag01484","roots",0.527079642179469,0.510049446244852,2,"","FaNIP7","NIP","GFF3_FALLBACK",5,TRUE
"Fxa4Ag01484","aux_bud",0.141070441660471,NA,1,"N=1_descriptive_only","FaNIP7","NIP","GFF3_FALLBACK",5,TRUE
"Fxa4Ag03283","crown",0,0,3,"","FaNIP4","NIP","EXONERATE",6,FALSE
"Fxa4Ag03283","green_fruit",0,0,3,"","FaNIP4","NIP","EXONERATE",6,FALSE
"Fxa4Ag03283","leaf",0,0,3,"","FaNIP4","NIP","EXONERATE",6,FALSE
"Fxa4Ag03283","red_fruit",0,0,3,"","FaNIP4","NIP","EXONERATE",6,FALSE
"Fxa4Ag03283","roots",0,0,2,"","FaNIP4","NIP","EXONERATE",6,FALSE
"Fxa4Ag03283","aux_bud",0,NA,1,"N=1_descriptive_only","FaNIP4","NIP","EXONERATE",6,FALSE
"Fxa4Bg01616","crown",1.43719323405473,0.586914043836111,3,"","FaNIP7","NIP","GFF3",6,FALSE
"Fxa4Bg01616","green_fruit",0.0294815036007241,0.051063462119979,3,"","FaNIP7","NIP","GFF3",6,FALSE
"Fxa4Bg01616","leaf",0,0,3,"","FaNIP7","NIP","GFF3",6,FALSE
"Fxa4Bg01616","red_fruit",0,0,3,"","FaNIP7","NIP","GFF3",6,FALSE
"Fxa4Bg01616","roots",0.0509233881096716,0.0720165461066864,2,"","FaNIP7","NIP","GFF3",6,FALSE
"Fxa4Bg01616","aux_bud",0,NA,1,"N=1_descriptive_only","FaNIP7","NIP","GFF3",6,FALSE
"Fxa4Bg03148","crown",0,0,3,"","FaNIP4","NIP","EXONERATE",6,FALSE
"Fxa4Bg03148","green_fruit",0,0,3,"","FaNIP4","NIP","EXONERATE",6,FALSE
"Fxa4Bg03148","leaf",0,0,3,"","FaNIP4","NIP","EXONERATE",6,FALSE
"Fxa4Bg03148","red_fruit",0,0,3,"","FaNIP4","NIP","EXONERATE",6,FALSE
"Fxa4Bg03148","roots",0,0,2,"","FaNIP4","NIP","EXONERATE",6,FALSE
"Fxa4Bg03148","aux_bud",0,NA,1,"N=1_descriptive_only","FaNIP4","NIP","EXONERATE",6,FALSE
"Fxa4Cg01442","crown",0.184089607348999,0.246403829318523,3,"","FaNIP7","NIP","GFF3",6,FALSE
"Fxa4Cg01442","green_fruit",0,0,3,"","FaNIP7","NIP","GFF3",6,FALSE
"Fxa4Cg01442","leaf",0,0,3,"","FaNIP7","NIP","GFF3",6,FALSE
"Fxa4Cg01442","red_fruit",0,0,3,"","FaNIP7","NIP","GFF3",6,FALSE
"Fxa4Cg01442","roots",0,0,2,"","FaNIP7","NIP","GFF3",6,FALSE
"Fxa4Cg01442","aux_bud",0,NA,1,"N=1_descriptive_only","FaNIP7","NIP","GFF3",6,FALSE
"Fxa4Cg03033","crown",0,0,3,"","FaNIP4","NIP","EXONERATE",6,FALSE
"Fxa4Cg03033","green_fruit",0,0,3,"","FaNIP4","NIP","EXONERATE",6,FALSE
"Fxa4Cg03033","leaf",0,0,3,"","FaNIP4","NIP","EXONERATE",6,FALSE
"Fxa4Cg03033","red_fruit",0,0,3,"","FaNIP4","NIP","EXONERATE",6,FALSE
"Fxa4Cg03033","roots",0,0,2,"","FaNIP4","NIP","EXONERATE",6,FALSE
"Fxa4Cg03033","aux_bud",0,NA,1,"N=1_descriptive_only","FaNIP4","NIP","EXONERATE",6,FALSE
"Fxa4Dg01302","crown",0,0,3,"","FaNIP7","NIP","GFF3",6,FALSE
"Fxa4Dg01302","green_fruit",1.45472880617078,0.261110340932684,3,"","FaNIP7","NIP","GFF3",6,FALSE
"Fxa4Dg01302","leaf",0,0,3,"","FaNIP7","NIP","GFF3",6,FALSE
"Fxa4Dg01302","red_fruit",0,0,3,"","FaNIP7","NIP","GFF3",6,FALSE
"Fxa4Dg01302","roots",0,0,2,"","FaNIP7","NIP","GFF3",6,FALSE
"Fxa4Dg01302","aux_bud",0,NA,1,"N=1_descriptive_only","FaNIP7","NIP","GFF3",6,FALSE
"Fxa4Dg02771","crown",0,0,3,"","FaNIP4","NIP","EXONERATE",6,FALSE
"Fxa4Dg02771","green_fruit",0,0,3,"","FaNIP4","NIP","EXONERATE",6,FALSE
"Fxa4Dg02771","leaf",0,0,3,"","FaNIP4","NIP","EXONERATE",6,FALSE
"Fxa4Dg02771","red_fruit",0,0,3,"","FaNIP4","NIP","EXONERATE",6,FALSE
"Fxa4Dg02771","roots",0,0,2,"","FaNIP4","NIP","EXONERATE",6,FALSE
"Fxa4Dg02771","aux_bud",0,NA,1,"N=1_descriptive_only","FaNIP4","NIP","EXONERATE",6,FALSE
"Fxa5Ag00335","crown",1.48569188245806,0.0618736586807058,3,"","FaPIP1","PIP","GFF3",6,FALSE
"Fxa5Ag00335","green_fruit",2.74069265122101,1.11560486690538,3,"","FaPIP1","PIP","GFF3",6,FALSE
"Fxa5Ag00335","leaf",153.032367168341,9.67621949886449,3,"","FaPIP1","PIP","GFF3",6,FALSE
"Fxa5Ag00335","red_fruit",0,0,3,"","FaPIP1","PIP","GFF3",6,FALSE
"Fxa5Ag00335","roots",6.00837786666871,2.03776144068092,2,"","FaPIP1","PIP","GFF3",6,FALSE
"Fxa5Ag00335","aux_bud",33.5326365703276,NA,1,"N=1_descriptive_only","FaPIP1","PIP","GFF3",6,FALSE
"Fxa5Ag01079","crown",50.4800994123064,10.89056360009,3,"","FaNIP5","NIP","GFF3",6,FALSE
"Fxa5Ag01079","green_fruit",29.2767613777938,6.26340873970116,3,"","FaNIP5","NIP","GFF3",6,FALSE
"Fxa5Ag01079","leaf",2.36623713954081,0.882383296926059,3,"","FaNIP5","NIP","GFF3",6,FALSE
"Fxa5Ag01079","red_fruit",23.3777911646046,4.75076900596224,3,"","FaNIP5","NIP","GFF3",6,FALSE
"Fxa5Ag01079","roots",91.7679802442004,34.1575397335902,2,"","FaNIP5","NIP","GFF3",6,FALSE
"Fxa5Ag01079","aux_bud",16.7762540308757,NA,1,"N=1_descriptive_only","FaNIP5","NIP","GFF3",6,FALSE
"Fxa5Ag02048","crown",0.532058805522945,0.267847834019583,3,"","FaTIP3","TIP","GFF3",6,FALSE
"Fxa5Ag02048","green_fruit",129.741300102306,78.1852953214303,3,"","FaTIP3","TIP","GFF3",6,FALSE
"Fxa5Ag02048","leaf",2.22081187345603,0.511259222293107,3,"","FaTIP3","TIP","GFF3",6,FALSE
"Fxa5Ag02048","red_fruit",29.5909552783059,27.7861826226406,3,"","FaTIP3","TIP","GFF3",6,FALSE
"Fxa5Ag02048","roots",1.19247110764014,0.0457348189177233,2,"","FaTIP3","TIP","GFF3",6,FALSE
"Fxa5Ag02048","aux_bud",0.799025427873145,NA,1,"N=1_descriptive_only","FaTIP3","TIP","GFF3",6,FALSE
"Fxa5Ag02099","crown",0.237561147335266,0.207396541905496,3,"","FaTIP2","TIP","GFF3",6,FALSE
"Fxa5Ag02099","green_fruit",0.110576593271839,0.038535168097618,3,"","FaTIP2","TIP","GFF3",6,FALSE
"Fxa5Ag02099","leaf",0.458734047858032,0.246028914885551,3,"","FaTIP2","TIP","GFF3",6,FALSE
"Fxa5Ag02099","red_fruit",0.0906207352157406,0.0354892435959844,3,"","FaTIP2","TIP","GFF3",6,FALSE
"Fxa5Ag02099","roots",233.676629056608,85.110324266223,2,"","FaTIP2","TIP","GFF3",6,FALSE
"Fxa5Ag02099","aux_bud",0.0711844990136101,NA,1,"N=1_descriptive_only","FaTIP2","TIP","GFF3",6,FALSE
"Fxa5Ag03930","crown",0,0,3,"","FaNIP1","NIP","GFF3_FALLBACK",6,TRUE
"Fxa5Ag03930","green_fruit",0,0,3,"","FaNIP1","NIP","GFF3_FALLBACK",6,TRUE
"Fxa5Ag03930","leaf",0.097280306916654,0.085703113810242,3,"","FaNIP1","NIP","GFF3_FALLBACK",6,TRUE
"Fxa5Ag03930","red_fruit",0,0,3,"","FaNIP1","NIP","GFF3_FALLBACK",6,TRUE
"Fxa5Ag03930","roots",0.166141109810325,0.234959010761479,2,"","FaNIP1","NIP","GFF3_FALLBACK",6,TRUE
"Fxa5Ag03930","aux_bud",0,NA,1,"N=1_descriptive_only","FaNIP1","NIP","GFF3_FALLBACK",6,TRUE
"Fxa5Bg00282","crown",0.161359061465497,0.0430448115912918,3,"","FaPIP1","PIP","EXONERATE",6,FALSE
"Fxa5Bg00282","green_fruit",4.98279335869853,2.2301773696205,3,"","FaPIP1","PIP","EXONERATE",6,FALSE
"Fxa5Bg00282","leaf",40.7340502457289,7.57826225610182,3,"","FaPIP1","PIP","EXONERATE",6,FALSE
"Fxa5Bg00282","red_fruit",0.545571561335573,0.492651126569969,3,"","FaPIP1","PIP","EXONERATE",6,FALSE
"Fxa5Bg00282","roots",2.78775733707198,0.606179242942154,2,"","FaPIP1","PIP","EXONERATE",6,FALSE
"Fxa5Bg00282","aux_bud",29.1730960460745,NA,1,"N=1_descriptive_only","FaPIP1","PIP","EXONERATE",6,FALSE
"Fxa5Bg01013","crown",104.999282477889,20.1781602063121,3,"","FaNIP5","NIP","GFF3",6,FALSE
"Fxa5Bg01013","green_fruit",18.3251405924633,2.71969192109476,3,"","FaNIP5","NIP","GFF3",6,FALSE
"Fxa5Bg01013","leaf",2.27365145506768,0.71362240781371,3,"","FaNIP5","NIP","GFF3",6,FALSE
"Fxa5Bg01013","red_fruit",0.662786950606994,0.359926756369605,3,"","FaNIP5","NIP","GFF3",6,FALSE
"Fxa5Bg01013","roots",78.6326835651502,27.4796509442447,2,"","FaNIP5","NIP","GFF3",6,FALSE
"Fxa5Bg01013","aux_bud",23.0134645571692,NA,1,"N=1_descriptive_only","FaNIP5","NIP","GFF3",6,FALSE
"Fxa5Bg01989","crown",0.245633469071966,0.288360446438607,3,"","FaTIP3","TIP","EXONERATE",6,FALSE
"Fxa5Bg01989","green_fruit",206.786142219795,108.564838637298,3,"","FaTIP3","TIP","EXONERATE",6,FALSE
"Fxa5Bg01989","leaf",2.14088253093904,1.51360968285439,3,"","FaTIP3","TIP","EXONERATE",6,FALSE
"Fxa5Bg01989","red_fruit",51.3314742649676,49.2259323624061,3,"","FaTIP3","TIP","EXONERATE",6,FALSE
"Fxa5Bg01989","roots",1.16506495826761,0.235528271971029,2,"","FaTIP3","TIP","EXONERATE",6,FALSE
"Fxa5Bg01989","aux_bud",1.90445096241636,NA,1,"N=1_descriptive_only","FaTIP3","TIP","EXONERATE",6,FALSE
"Fxa5Bg02045","crown",0.11738755587703,0.114453206119288,3,"","FaTIP2","TIP","GFF3",6,FALSE
"Fxa5Bg02045","green_fruit",0.130272814469512,0.0673145813018145,3,"","FaTIP2","TIP","GFF3",6,FALSE
"Fxa5Bg02045","leaf",0.314724540759999,0.0360384396056234,3,"","FaTIP2","TIP","GFF3",6,FALSE
"Fxa5Bg02045","red_fruit",0.295373860927002,0.123136753015407,3,"","FaTIP2","TIP","GFF3",6,FALSE
"Fxa5Bg02045","roots",245.575221375711,110.726595785718,2,"","FaTIP2","TIP","GFF3",6,FALSE
"Fxa5Bg02045","aux_bud",0,NA,1,"N=1_descriptive_only","FaTIP2","TIP","GFF3",6,FALSE
"Fxa5Bg03706","crown",0.175287457668874,0.131033819838134,3,"","FaNIP1","NIP","GFF3_FALLBACK",6,TRUE
"Fxa5Bg03706","green_fruit",0,0,3,"","FaNIP1","NIP","GFF3_FALLBACK",6,TRUE
"Fxa5Bg03706","leaf",0.129755113068124,0.145910102366047,3,"","FaNIP1","NIP","GFF3_FALLBACK",6,TRUE
"Fxa5Bg03706","red_fruit",0.0365199463739905,0.0632544026094424,3,"","FaNIP1","NIP","GFF3_FALLBACK",6,TRUE
"Fxa5Bg03706","roots",0,0,2,"","FaNIP1","NIP","GFF3_FALLBACK",6,TRUE
"Fxa5Bg03706","aux_bud",0.116687896188291,NA,1,"N=1_descriptive_only","FaNIP1","NIP","GFF3_FALLBACK",6,TRUE
"Fxa5Cg00258","crown",1.24991915292498,0.521407380056085,3,"","FaPIP1","PIP","GFF3",6,FALSE
"Fxa5Cg00258","green_fruit",3.30185506921946,1.71220579319615,3,"","FaPIP1","PIP","GFF3",6,FALSE
"Fxa5Cg00258","leaf",76.6824668006484,10.3645604291972,3,"","FaPIP1","PIP","GFF3",6,FALSE
"Fxa5Cg00258","red_fruit",0.565013819927027,0.709023316413346,3,"","FaPIP1","PIP","GFF3",6,FALSE
"Fxa5Cg00258","roots",6.26406018262851,2.62530034009006,2,"","FaPIP1","PIP","GFF3",6,FALSE
"Fxa5Cg00258","aux_bud",27.389054556591,NA,1,"N=1_descriptive_only","FaPIP1","PIP","GFF3",6,FALSE
"Fxa5Cg00895","crown",58.0404851051542,10.4484826147354,3,"","FaNIP5","NIP","EXONERATE",6,FALSE
"Fxa5Cg00895","green_fruit",17.6501640034378,0.690407611937281,3,"","FaNIP5","NIP","EXONERATE",6,FALSE
"Fxa5Cg00895","leaf",2.04284677828929,0.295146736637484,3,"","FaNIP5","NIP","EXONERATE",6,FALSE
"Fxa5Cg00895","red_fruit",3.79105098003167,0.571939596907165,3,"","FaNIP5","NIP","EXONERATE",6,FALSE
"Fxa5Cg00895","roots",42.8048946892325,14.8524109732222,2,"","FaNIP5","NIP","EXONERATE",6,FALSE
"Fxa5Cg00895","aux_bud",10.9343422722322,NA,1,"N=1_descriptive_only","FaNIP5","NIP","EXONERATE",6,FALSE
"Fxa5Cg01763","crown",0.284538570054416,0.0837740817764048,3,"","FaTIP3","TIP","GFF3",6,FALSE
"Fxa5Cg01763","green_fruit",157.842121249146,90.2349378142737,3,"","FaTIP3","TIP","GFF3",6,FALSE
"Fxa5Cg01763","leaf",0.707638255903595,0.515226340334365,3,"","FaTIP3","TIP","GFF3",6,FALSE
"Fxa5Cg01763","red_fruit",30.3725655201116,27.6659563335263,3,"","FaTIP3","TIP","GFF3",6,FALSE
"Fxa5Cg01763","roots",0.548293784910881,0.130842622857801,2,"","FaTIP3","TIP","GFF3",6,FALSE
"Fxa5Cg01763","aux_bud",0,NA,1,"N=1_descriptive_only","FaTIP3","TIP","GFF3",6,FALSE
"Fxa5Cg01808","crown",0.3876752573739,0.312998601589198,3,"","FaTIP2","TIP","GFF3",6,FALSE
"Fxa5Cg01808","green_fruit",0.176696695834007,0.191085966835416,3,"","FaTIP2","TIP","GFF3",6,FALSE
"Fxa5Cg01808","leaf",0.62608177219221,0.271045445318188,3,"","FaTIP2","TIP","GFF3",6,FALSE
"Fxa5Cg01808","red_fruit",0,0,3,"","FaTIP2","TIP","GFF3",6,FALSE
"Fxa5Cg01808","roots",197.397837429916,47.9368151294158,2,"","FaTIP2","TIP","GFF3",6,FALSE
"Fxa5Cg01808","aux_bud",0,NA,1,"N=1_descriptive_only","FaTIP2","TIP","GFF3",6,FALSE
"Fxa5Cg03343","crown",0,0,3,"","FaNIP1","NIP","GFF3_FALLBACK",4,TRUE
"Fxa5Cg03343","green_fruit",0,0,3,"","FaNIP1","NIP","GFF3_FALLBACK",4,TRUE
"Fxa5Cg03343","leaf",0,0,3,"","FaNIP1","NIP","GFF3_FALLBACK",4,TRUE
"Fxa5Cg03343","red_fruit",0,0,3,"","FaNIP1","NIP","GFF3_FALLBACK",4,TRUE
"Fxa5Cg03343","roots",0,0,2,"","FaNIP1","NIP","GFF3_FALLBACK",4,TRUE
"Fxa5Cg03343","aux_bud",0,NA,1,"N=1_descriptive_only","FaNIP1","NIP","GFF3_FALLBACK",4,TRUE
"Fxa5Dg00262","crown",0.130270578483142,0.0716433706530833,3,"","FaPIP1","PIP","GFF3",6,FALSE
"Fxa5Dg00262","green_fruit",2.31897059338253,0.579405882770079,3,"","FaPIP1","PIP","GFF3",6,FALSE
"Fxa5Dg00262","leaf",60.6082205087989,8.87686774123647,3,"","FaPIP1","PIP","GFF3",6,FALSE
"Fxa5Dg00262","red_fruit",0,0,3,"","FaPIP1","PIP","GFF3",6,FALSE
"Fxa5Dg00262","roots",0.783592317028665,0.46333048290249,2,"","FaPIP1","PIP","GFF3",6,FALSE
"Fxa5Dg00262","aux_bud",27.9687170868892,NA,1,"N=1_descriptive_only","FaPIP1","PIP","GFF3",6,FALSE
"Fxa5Dg01809","crown",5.79595425375314,1.30971564003902,3,"","FaTIP3","TIP","GFF3",6,FALSE
"Fxa5Dg01809","green_fruit",260.314446220435,142.148302933232,3,"","FaTIP3","TIP","GFF3",6,FALSE
"Fxa5Dg01809","leaf",4.30129423011722,0.861410615705176,3,"","FaTIP3","TIP","GFF3",6,FALSE
"Fxa5Dg01809","red_fruit",64.1918061014037,56.7167895956764,3,"","FaTIP3","TIP","GFF3",6,FALSE
"Fxa5Dg01809","roots",4.69253784628258,1.15747465077349,2,"","FaTIP3","TIP","GFF3",6,FALSE
"Fxa5Dg01809","aux_bud",2.71601137679642,NA,1,"N=1_descriptive_only","FaTIP3","TIP","GFF3",6,FALSE
"Fxa5Dg01850","crown",0.498522086799719,0.0499541002829923,3,"","FaTIP2","TIP","GFF3",6,FALSE
"Fxa5Dg01850","green_fruit",32.6795429790072,4.5559697014929,3,"","FaTIP2","TIP","GFF3",6,FALSE
"Fxa5Dg01850","leaf",0.941881229989738,0.188177086595762,3,"","FaTIP2","TIP","GFF3",6,FALSE
"Fxa5Dg01850","red_fruit",177.341060720403,29.8722676312993,3,"","FaTIP2","TIP","GFF3",6,FALSE
"Fxa5Dg01850","roots",467.569830613488,169.623439646389,2,"","FaTIP2","TIP","GFF3",6,FALSE
"Fxa5Dg01850","aux_bud",0.213018722006504,NA,1,"N=1_descriptive_only","FaTIP2","TIP","GFF3",6,FALSE
"Fxa6Ag00070","crown",17.3214342660026,3.61133143899032,3,"","FaSIP1","SIP","EXONERATE",6,FALSE
"Fxa6Ag00070","green_fruit",27.6002976553645,2.74386175955352,3,"","FaSIP1","SIP","EXONERATE",6,FALSE
"Fxa6Ag00070","leaf",16.1941126327987,2.99632767051282,3,"","FaSIP1","SIP","EXONERATE",6,FALSE
"Fxa6Ag00070","red_fruit",29.8423868395387,1.97558276521283,3,"","FaSIP1","SIP","EXONERATE",6,FALSE
"Fxa6Ag00070","roots",15.4765064793031,2.2916714843135,2,"","FaSIP1","SIP","EXONERATE",6,FALSE
"Fxa6Ag00070","aux_bud",19.7892907257836,NA,1,"N=1_descriptive_only","FaSIP1","SIP","EXONERATE",6,FALSE
"Fxa6Ag00747","crown",0,0,3,"","FaNIP1","NIP","GFF3",6,FALSE
"Fxa6Ag00747","green_fruit",0,0,3,"","FaNIP1","NIP","GFF3",6,FALSE
"Fxa6Ag00747","leaf",0,0,3,"","FaNIP1","NIP","GFF3",6,FALSE
"Fxa6Ag00747","red_fruit",0,0,3,"","FaNIP1","NIP","GFF3",6,FALSE
"Fxa6Ag00747","roots",0,0,2,"","FaNIP1","NIP","GFF3",6,FALSE
"Fxa6Ag00747","aux_bud",0,NA,1,"N=1_descriptive_only","FaNIP1","NIP","GFF3",6,FALSE
"Fxa6Ag00748","crown",2.47586194409148,0.411664173032529,3,"","FaNIP1","NIP","GFF3",6,FALSE
"Fxa6Ag00748","green_fruit",0.555375727215763,0.266525512115959,3,"","FaNIP1","NIP","GFF3",6,FALSE
"Fxa6Ag00748","leaf",0.463498154297575,0.17084480460279,3,"","FaNIP1","NIP","GFF3",6,FALSE
"Fxa6Ag00748","red_fruit",0.572124828417438,0.144653359551895,3,"","FaNIP1","NIP","GFF3",6,FALSE
"Fxa6Ag00748","roots",2.4790830983803,0.0929895917753937,2,"","FaNIP1","NIP","GFF3",6,FALSE
"Fxa6Ag00748","aux_bud",1.58194461459663,NA,1,"N=1_descriptive_only","FaNIP1","NIP","GFF3",6,FALSE
"Fxa6Ag01549","crown",0.078745690774649,0.00501665005559254,3,"","FaPIP2","PIP","EXONERATE",6,FALSE
"Fxa6Ag01549","green_fruit",0,0,3,"","FaPIP2","PIP","EXONERATE",6,FALSE
"Fxa6Ag01549","leaf",0,0,3,"","FaPIP2","PIP","EXONERATE",6,FALSE
"Fxa6Ag01549","red_fruit",0,0,3,"","FaPIP2","PIP","EXONERATE",6,FALSE
"Fxa6Ag01549","roots",0,0,2,"","FaPIP2","PIP","EXONERATE",6,FALSE
"Fxa6Ag01549","aux_bud",0,NA,1,"N=1_descriptive_only","FaPIP2","PIP","EXONERATE",6,FALSE
"Fxa6Ag01550","crown",27.2796754188574,0.806972023860477,3,"","FaPIP2","PIP","GFF3",6,FALSE
"Fxa6Ag01550","green_fruit",10.4936049847367,1.26057729087695,3,"","FaPIP2","PIP","GFF3",6,FALSE
"Fxa6Ag01550","leaf",2.25035508139152,0.76349627991875,3,"","FaPIP2","PIP","GFF3",6,FALSE
"Fxa6Ag01550","red_fruit",4.63191160383979,1.11188562792163,3,"","FaPIP2","PIP","GFF3",6,FALSE
"Fxa6Ag01550","roots",8.50120803186915,0.258953539529208,2,"","FaPIP2","PIP","GFF3",6,FALSE
"Fxa6Ag01550","aux_bud",1.35846007813425,NA,1,"N=1_descriptive_only","FaPIP2","PIP","GFF3",6,FALSE
"Fxa6Ag01681","crown",409.889594940159,38.4670156731779,3,"","FaTIP1","TIP","GFF3",6,FALSE
"Fxa6Ag01681","green_fruit",384.405480641179,106.136924212347,3,"","FaTIP1","TIP","GFF3",6,FALSE
"Fxa6Ag01681","leaf",110.105513612295,51.5285260566108,3,"","FaTIP1","TIP","GFF3",6,FALSE
"Fxa6Ag01681","red_fruit",156.939654484592,18.5348994748535,3,"","FaTIP1","TIP","GFF3",6,FALSE
"Fxa6Ag01681","roots",111.638629070575,15.5170235483877,2,"","FaTIP1","TIP","GFF3",6,FALSE
"Fxa6Ag01681","aux_bud",299.327556001221,NA,1,"N=1_descriptive_only","FaTIP1","TIP","GFF3",6,FALSE
"Fxa6Ag02836","crown",1.51484304765034,0.225941902066965,3,"","FaNIP6","NIP","GFF3",6,FALSE
"Fxa6Ag02836","green_fruit",9.03314060506823,1.09601312645219,3,"","FaNIP6","NIP","GFF3",6,FALSE
"Fxa6Ag02836","leaf",0.944529825144579,0.331825894983028,3,"","FaNIP6","NIP","GFF3",6,FALSE
"Fxa6Ag02836","red_fruit",0.574521097129697,0.12633264645509,3,"","FaNIP6","NIP","GFF3",6,FALSE
"Fxa6Ag02836","roots",0.831527141064575,0.638794581486904,2,"","FaNIP6","NIP","GFF3",6,FALSE
"Fxa6Ag02836","aux_bud",2.18942179782209,NA,1,"N=1_descriptive_only","FaNIP6","NIP","GFF3",6,FALSE
"Fxa6Ag03173","crown",131.983197993083,55.6617434630769,3,"","FaTIP2","TIP","GFF3",6,FALSE
"Fxa6Ag03173","green_fruit",13.6332868441362,2.47007768176652,3,"","FaTIP2","TIP","GFF3",6,FALSE
"Fxa6Ag03173","leaf",10.3610952299778,3.06076525597411,3,"","FaTIP2","TIP","GFF3",6,FALSE
"Fxa6Ag03173","red_fruit",0.828194997106679,0.305592293414182,3,"","FaTIP2","TIP","GFF3",6,FALSE
"Fxa6Ag03173","roots",57.410464148848,6.03429270742624,2,"","FaTIP2","TIP","GFF3",6,FALSE
"Fxa6Ag03173","aux_bud",79.0118333667933,NA,1,"N=1_descriptive_only","FaTIP2","TIP","GFF3",6,FALSE
"Fxa6Ag04017","crown",0.032476076807717,0.0562502150614752,3,"","FaNIP5","NIP","EXONERATE",6,FALSE
"Fxa6Ag04017","green_fruit",0,0,3,"","FaNIP5","NIP","EXONERATE",6,FALSE
"Fxa6Ag04017","leaf",0,0,3,"","FaNIP5","NIP","EXONERATE",6,FALSE
"Fxa6Ag04017","red_fruit",0,0,3,"","FaNIP5","NIP","EXONERATE",6,FALSE
"Fxa6Ag04017","roots",0.311080111464939,0.439933712618251,2,"","FaNIP5","NIP","EXONERATE",6,FALSE
"Fxa6Ag04017","aux_bud",0,NA,1,"N=1_descriptive_only","FaNIP5","NIP","EXONERATE",6,FALSE
"Fxa6Ag04289","crown",7.18272914760499,1.29196896525048,3,"","FaSIP1","SIP","GFF3",6,FALSE
"Fxa6Ag04289","green_fruit",53.8146210469073,5.64544773637733,3,"","FaSIP1","SIP","GFF3",6,FALSE
"Fxa6Ag04289","leaf",1.24514640315183,0.269623003830961,3,"","FaSIP1","SIP","GFF3",6,FALSE
"Fxa6Ag04289","red_fruit",12.6869349577025,2.37599360221129,3,"","FaSIP1","SIP","GFF3",6,FALSE
"Fxa6Ag04289","roots",15.0755317962504,1.16015004090794,2,"","FaSIP1","SIP","GFF3",6,FALSE
"Fxa6Ag04289","aux_bud",9.2564361286224,NA,1,"N=1_descriptive_only","FaSIP1","SIP","GFF3",6,FALSE
"Fxa6Ag04290","crown",1.34195099082127,0.300031949557012,3,"","FaSIP1","SIP","GFF3",6,FALSE
"Fxa6Ag04290","green_fruit",18.6013291509451,1.05522384761739,3,"","FaSIP1","SIP","GFF3",6,FALSE
"Fxa6Ag04290","leaf",2.96177078209685,0.21391953361542,3,"","FaSIP1","SIP","GFF3",6,FALSE
"Fxa6Ag04290","red_fruit",2.9925409674519,0.411207530513021,3,"","FaSIP1","SIP","GFF3",6,FALSE
"Fxa6Ag04290","roots",9.86101093813709,0.652952219889509,2,"","FaSIP1","SIP","GFF3",6,FALSE
"Fxa6Ag04290","aux_bud",5.62416372371994,NA,1,"N=1_descriptive_only","FaSIP1","SIP","GFF3",6,FALSE
"Fxa6Ag04860","crown",0.162909583754705,0.141398138202815,3,"","FaNIP2","NIP","GFF3",6,FALSE
"Fxa6Ag04860","green_fruit",0,0,3,"","FaNIP2","NIP","GFF3",6,FALSE
"Fxa6Ag04860","leaf",0,0,3,"","FaNIP2","NIP","GFF3",6,FALSE
"Fxa6Ag04860","red_fruit",0,0,3,"","FaNIP2","NIP","GFF3",6,FALSE
"Fxa6Ag04860","roots",12.4320899760422,7.39726344549481,2,"","FaNIP2","NIP","GFF3",6,FALSE
"Fxa6Ag04860","aux_bud",0,NA,1,"N=1_descriptive_only","FaNIP2","NIP","GFF3",6,FALSE
"Fxa6Ag04861","crown",0,0,3,"","FaNIP2","NIP","GFF3",6,FALSE
"Fxa6Ag04861","green_fruit",0.132836237178795,0.0949917174744894,3,"","FaNIP2","NIP","GFF3",6,FALSE
"Fxa6Ag04861","leaf",0.295231169379851,0.122441168611424,3,"","FaNIP2","NIP","GFF3",6,FALSE
"Fxa6Ag04861","red_fruit",0,0,3,"","FaNIP2","NIP","GFF3",6,FALSE
"Fxa6Ag04861","roots",0.716369118398913,0.259077077612683,2,"","FaNIP2","NIP","GFF3",6,FALSE
"Fxa6Ag04861","aux_bud",1.1014454105343,NA,1,"N=1_descriptive_only","FaNIP2","NIP","GFF3",6,FALSE
"Fxa6Ag04862","crown",0.147758113726028,0.25592456020402,3,"","FaNIP2","NIP","EXONERATE",6,FALSE
"Fxa6Ag04862","green_fruit",0.0480927321307902,0.0832990555253288,3,"","FaNIP2","NIP","EXONERATE",6,FALSE
"Fxa6Ag04862","leaf",0.377184202200482,0.653302202023568,3,"","FaNIP2","NIP","EXONERATE",6,FALSE
"Fxa6Ag04862","red_fruit",0,0,3,"","FaNIP2","NIP","EXONERATE",6,FALSE
"Fxa6Ag04862","roots",1.7338379830225,1.51218114750211,2,"","FaNIP2","NIP","EXONERATE",6,FALSE
"Fxa6Ag04862","aux_bud",0.316817416466533,NA,1,"N=1_descriptive_only","FaNIP2","NIP","EXONERATE",6,FALSE
"Fxa6Ag04864","crown",0,0,3,"","FaNIP2","NIP","GFF3_FALLBACK",2,TRUE
"Fxa6Ag04864","green_fruit",0.214461252094183,0.371457784881963,3,"","FaNIP2","NIP","GFF3_FALLBACK",2,TRUE
"Fxa6Ag04864","leaf",2.10066642133183,1.81940004543804,3,"","FaNIP2","NIP","GFF3_FALLBACK",2,TRUE
"Fxa6Ag04864","red_fruit",0,0,3,"","FaNIP2","NIP","GFF3_FALLBACK",2,TRUE
"Fxa6Ag04864","roots",1.72254969609555,0.128438499767872,2,"","FaNIP2","NIP","GFF3_FALLBACK",2,TRUE
"Fxa6Ag04864","aux_bud",0,NA,1,"N=1_descriptive_only","FaNIP2","NIP","GFF3_FALLBACK",2,TRUE
"Fxa6Bg00716","crown",0.925349318407141,0.531406325484768,3,"","FaNIP1","NIP","GFF3",6,FALSE
"Fxa6Bg00716","green_fruit",0,0,3,"","FaNIP1","NIP","GFF3",6,FALSE
"Fxa6Bg00716","leaf",0.0661823521128688,0.0628939810468697,3,"","FaNIP1","NIP","GFF3",6,FALSE
"Fxa6Bg00716","red_fruit",0.483627512128986,0.0497797557480562,3,"","FaNIP1","NIP","GFF3",6,FALSE
"Fxa6Bg00716","roots",0.937875358258132,0.47311521441319,2,"","FaNIP1","NIP","GFF3",6,FALSE
"Fxa6Bg00716","aux_bud",0.287626293563023,NA,1,"N=1_descriptive_only","FaNIP1","NIP","GFF3",6,FALSE
"Fxa6Bg01475","crown",0.0640692048031363,0.0630155821012759,3,"","FaPIP2","PIP","GFF3",6,FALSE
"Fxa6Bg01475","green_fruit",5.55941169597337,1.99968395067103,3,"","FaPIP2","PIP","GFF3",6,FALSE
"Fxa6Bg01475","leaf",0.774236021413799,0.775364484989172,3,"","FaPIP2","PIP","GFF3",6,FALSE
"Fxa6Bg01475","red_fruit",2.28739115087591,1.18268420816316,3,"","FaPIP2","PIP","GFF3",6,FALSE
"Fxa6Bg01475","roots",27.6041136944092,11.1993802293516,2,"","FaPIP2","PIP","GFF3",6,FALSE
"Fxa6Bg01475","aux_bud",0,NA,1,"N=1_descriptive_only","FaPIP2","PIP","GFF3",6,FALSE
"Fxa6Bg01476","crown",11.0240510746757,1.13351620379553,3,"","FaPIP2","PIP","GFF3",6,FALSE
"Fxa6Bg01476","green_fruit",25.0292181217809,2.81808463317411,3,"","FaPIP2","PIP","GFF3",6,FALSE
"Fxa6Bg01476","leaf",0.542148387119543,0.464754604528546,3,"","FaPIP2","PIP","GFF3",6,FALSE
"Fxa6Bg01476","red_fruit",1.22896271126348,0.470486895709511,3,"","FaPIP2","PIP","GFF3",6,FALSE
"Fxa6Bg01476","roots",13.5796811122954,10.6000738169312,2,"","FaPIP2","PIP","GFF3",6,FALSE
"Fxa6Bg01476","aux_bud",1.80847863045207,NA,1,"N=1_descriptive_only","FaPIP2","PIP","GFF3",6,FALSE
"Fxa6Bg01580","crown",175.038126661301,29.9085226635696,3,"","FaTIP1","TIP","GFF3",6,FALSE
"Fxa6Bg01580","green_fruit",257.657457376859,84.2623925330003,3,"","FaTIP1","TIP","GFF3",6,FALSE
"Fxa6Bg01580","leaf",21.6474479935139,15.5481879942083,3,"","FaTIP1","TIP","GFF3",6,FALSE
"Fxa6Bg01580","red_fruit",369.002394288302,8.06081573237103,3,"","FaTIP1","TIP","GFF3",6,FALSE
"Fxa6Bg01580","roots",37.3625719131192,8.42946464043566,2,"","FaTIP1","TIP","GFF3",6,FALSE
"Fxa6Bg01580","aux_bud",161.944082785761,NA,1,"N=1_descriptive_only","FaTIP1","TIP","GFF3",6,FALSE
"Fxa6Bg02677","crown",1.18544169283684,0.28319126008168,3,"","FaNIP6","NIP","GFF3",6,FALSE
"Fxa6Bg02677","green_fruit",4.14436448717615,1.33435377508278,3,"","FaNIP6","NIP","GFF3",6,FALSE
"Fxa6Bg02677","leaf",0.596450930259787,0.272178201932706,3,"","FaNIP6","NIP","GFF3",6,FALSE
"Fxa6Bg02677","red_fruit",0.244549019512768,0.12499735632313,3,"","FaNIP6","NIP","GFF3",6,FALSE
"Fxa6Bg02677","roots",0.682024500336056,0.595189845410083,2,"","FaNIP6","NIP","GFF3",6,FALSE
"Fxa6Bg02677","aux_bud",0.830177062341549,NA,1,"N=1_descriptive_only","FaNIP6","NIP","GFF3",6,FALSE
"Fxa6Bg02964","crown",27.6966346059613,5.04311314331699,3,"","FaTIP2","TIP","GFF3",6,FALSE
"Fxa6Bg02964","green_fruit",15.4811590270818,3.31339595576469,3,"","FaTIP2","TIP","GFF3",6,FALSE
"Fxa6Bg02964","leaf",14.5249082149988,4.82864240991186,3,"","FaTIP2","TIP","GFF3",6,FALSE
"Fxa6Bg02964","red_fruit",0.715729851089005,0.353913611272369,3,"","FaTIP2","TIP","GFF3",6,FALSE
"Fxa6Bg02964","roots",76.8262468209775,18.9197302055132,2,"","FaTIP2","TIP","GFF3",6,FALSE
"Fxa6Bg02964","aux_bud",63.0346939744666,NA,1,"N=1_descriptive_only","FaTIP2","TIP","GFF3",6,FALSE
"Fxa6Bg03993","crown",11.5800276062989,3.05561557528638,3,"","FaSIP1","SIP","GFF3",6,FALSE
"Fxa6Bg03993","green_fruit",66.3323762844761,3.74281340535416,3,"","FaSIP1","SIP","GFF3",6,FALSE
"Fxa6Bg03993","leaf",12.4782040474951,1.23118435450146,3,"","FaSIP1","SIP","GFF3",6,FALSE
"Fxa6Bg03993","red_fruit",21.955552245687,0.907611226378542,3,"","FaSIP1","SIP","GFF3",6,FALSE
"Fxa6Bg03993","roots",7.6566677438108,2.65993957440941,2,"","FaSIP1","SIP","GFF3",6,FALSE
"Fxa6Bg03993","aux_bud",9.2564361286224,NA,1,"N=1_descriptive_only","FaSIP1","SIP","GFF3",6,FALSE
"Fxa6Bg04002","crown",4.95728521650749,1.84821874526339,3,"","FaSIP1","SIP","EXONERATE",6,FALSE
"Fxa6Bg04002","green_fruit",7.02551390419636,1.75606962103604,3,"","FaSIP1","SIP","EXONERATE",6,FALSE
"Fxa6Bg04002","leaf",4.25940706273356,0.673632156163797,3,"","FaSIP1","SIP","EXONERATE",6,FALSE
"Fxa6Bg04002","red_fruit",3.58634075654811,0.851553050427323,3,"","FaSIP1","SIP","EXONERATE",6,FALSE
"Fxa6Bg04002","roots",4.91775117587101,0.675179590611835,2,"","FaSIP1","SIP","EXONERATE",6,FALSE
"Fxa6Bg04002","aux_bud",4.76768156372866,NA,1,"N=1_descriptive_only","FaSIP1","SIP","EXONERATE",6,FALSE
"Fxa6Bg04544","crown",0,0,3,"","FaNIP2","NIP","EXONERATE",6,FALSE
"Fxa6Bg04544","green_fruit",0,0,3,"","FaNIP2","NIP","EXONERATE",6,FALSE
"Fxa6Bg04544","leaf",0,0,3,"","FaNIP2","NIP","EXONERATE",6,FALSE
"Fxa6Bg04544","red_fruit",0,0,3,"","FaNIP2","NIP","EXONERATE",6,FALSE
"Fxa6Bg04544","roots",0.889640005847271,1.25814096189889,2,"","FaNIP2","NIP","EXONERATE",6,FALSE
"Fxa6Bg04544","aux_bud",0,NA,1,"N=1_descriptive_only","FaNIP2","NIP","EXONERATE",6,FALSE
"Fxa6Bg04546","crown",0,0,3,"","FaNIP2","NIP","GFF3",6,FALSE
"Fxa6Bg04546","green_fruit",0.027054350321897,0.046859509323293,3,"","FaNIP2","NIP","GFF3",6,FALSE
"Fxa6Bg04546","leaf",0.0289354166545227,0.050117611783808,3,"","FaNIP2","NIP","GFF3",6,FALSE
"Fxa6Bg04546","red_fruit",0,0,3,"","FaNIP2","NIP","GFF3",6,FALSE
"Fxa6Bg04546","roots",0,0,2,"","FaNIP2","NIP","GFF3",6,FALSE
"Fxa6Bg04546","aux_bud",0,NA,1,"N=1_descriptive_only","FaNIP2","NIP","GFF3",6,FALSE
"Fxa6Cg00057","crown",9.11003511179005,2.02679786139065,3,"","FaSIP1","SIP","EXONERATE",6,FALSE
"Fxa6Cg00057","green_fruit",12.4721863006949,0.699326930153321,3,"","FaSIP1","SIP","EXONERATE",6,FALSE
"Fxa6Cg00057","leaf",6.90539220202096,0.872086155032091,3,"","FaSIP1","SIP","EXONERATE",6,FALSE
"Fxa6Cg00057","red_fruit",10.779178595426,2.08508463661573,3,"","FaSIP1","SIP","EXONERATE",6,FALSE
"Fxa6Cg00057","roots",8.6094926547471,0.682732483413595,2,"","FaSIP1","SIP","EXONERATE",6,FALSE
"Fxa6Cg00057","aux_bud",13.3906527785065,NA,1,"N=1_descriptive_only","FaSIP1","SIP","EXONERATE",6,FALSE
"Fxa6Cg01396","crown",0.77046758610762,0.18471843569503,3,"","FaPIP2","PIP","GFF3",6,FALSE
"Fxa6Cg01396","green_fruit",2.38068428559356,1.07620481247941,3,"","FaPIP2","PIP","GFF3",6,FALSE
"Fxa6Cg01396","leaf",0.454345678734758,0.0643408463626854,3,"","FaPIP2","PIP","GFF3",6,FALSE
"Fxa6Cg01396","red_fruit",0.481439787185278,0.297988561706764,3,"","FaPIP2","PIP","GFF3",6,FALSE
"Fxa6Cg01396","roots",5.59499006890841,5.196371114263,2,"","FaPIP2","PIP","GFF3",6,FALSE
"Fxa6Cg01396","aux_bud",0.872168246629501,NA,1,"N=1_descriptive_only","FaPIP2","PIP","GFF3",6,FALSE
"Fxa6Cg01397","crown",14.4376473332253,1.53357692795537,3,"","FaPIP2","PIP","GFF3",6,FALSE
"Fxa6Cg01397","green_fruit",14.1825493343736,1.54445227756747,3,"","FaPIP2","PIP","GFF3",6,FALSE
"Fxa6Cg01397","leaf",2.18762984357571,0.563715095504197,3,"","FaPIP2","PIP","GFF3",6,FALSE
"Fxa6Cg01397","red_fruit",3.70895857517031,2.20190891175684,3,"","FaPIP2","PIP","GFF3",6,FALSE
"Fxa6Cg01397","roots",13.7217215813436,10.0907480450666,2,"","FaPIP2","PIP","GFF3",6,FALSE
"Fxa6Cg01397","aux_bud",8.21797743221651,NA,1,"N=1_descriptive_only","FaPIP2","PIP","GFF3",6,FALSE
"Fxa6Cg01508","crown",183.539664590367,34.6114632175514,3,"","FaTIP1","TIP","GFF3",6,FALSE
"Fxa6Cg01508","green_fruit",341.133017643495,74.5249034624683,3,"","FaTIP1","TIP","GFF3",6,FALSE
"Fxa6Cg01508","leaf",30.183911084997,5.22246242426373,3,"","FaTIP1","TIP","GFF3",6,FALSE
"Fxa6Cg01508","red_fruit",22.934451758696,1.90183477698038,3,"","FaTIP1","TIP","GFF3",6,FALSE
"Fxa6Cg01508","roots",95.1261475651665,38.3062524478777,2,"","FaTIP1","TIP","GFF3",6,FALSE
"Fxa6Cg01508","aux_bud",139.062880793824,NA,1,"N=1_descriptive_only","FaTIP1","TIP","GFF3",6,FALSE
"Fxa6Cg02462","crown",0.656408319903914,0.237121684571747,3,"","FaNIP6","NIP","GFF3",6,FALSE
"Fxa6Cg02462","green_fruit",3.07779284752993,0.313131253614482,3,"","FaNIP6","NIP","GFF3",6,FALSE
"Fxa6Cg02462","leaf",0.266786867883364,0.200120740903181,3,"","FaNIP6","NIP","GFF3",6,FALSE
"Fxa6Cg02462","red_fruit",0.264797679270612,0.0810590786686515,3,"","FaNIP6","NIP","GFF3",6,FALSE
"Fxa6Cg02462","roots",0.877895793750966,0.318186005783158,2,"","FaNIP6","NIP","GFF3",6,FALSE
"Fxa6Cg02462","aux_bud",1.16224788727817,NA,1,"N=1_descriptive_only","FaNIP6","NIP","GFF3",6,FALSE
"Fxa6Cg03541","crown",0.168085401705322,0.15732797161765,3,"","FaSIP1","SIP","GFF3",6,FALSE
"Fxa6Cg03541","green_fruit",58.9030398392647,6.56899792341198,3,"","FaSIP1","SIP","GFF3",6,FALSE
"Fxa6Cg03541","leaf",5.35101436922542,1.88959933038095,3,"","FaSIP1","SIP","GFF3",6,FALSE
"Fxa6Cg03541","red_fruit",15.335398784052,3.15519775859649,3,"","FaSIP1","SIP","GFF3",6,FALSE
"Fxa6Cg03541","roots",2.74937063214427,0.412357324703855,2,"","FaSIP1","SIP","GFF3",6,FALSE
"Fxa6Cg03541","aux_bud",6.09284403402993,NA,1,"N=1_descriptive_only","FaSIP1","SIP","GFF3",6,FALSE
"Fxa6Cg03543","crown",2.12201194612813,0.707131717974881,3,"","FaSIP1","SIP","GFF3",6,FALSE
"Fxa6Cg03543","green_fruit",17.7093049652849,2.30566562914525,3,"","FaSIP1","SIP","GFF3",6,FALSE
"Fxa6Cg03543","leaf",2.52500860564557,1.57628432440096,3,"","FaSIP1","SIP","GFF3",6,FALSE
"Fxa6Cg03543","red_fruit",10.4872178667365,1.11124537419146,3,"","FaSIP1","SIP","GFF3",6,FALSE
"Fxa6Cg03543","roots",5.03039162737571,1.05417572798963,2,"","FaSIP1","SIP","GFF3",6,FALSE
"Fxa6Cg03543","aux_bud",6.09284403402993,NA,1,"N=1_descriptive_only","FaSIP1","SIP","GFF3",6,FALSE
"Fxa6Cg04054","crown",0.713563191449621,1.23592770200174,3,"","FaNIP2","NIP","EXONERATE",6,FALSE
"Fxa6Cg04054","green_fruit",0,0,3,"","FaNIP2","NIP","EXONERATE",6,FALSE
"Fxa6Cg04054","leaf",0,0,3,"","FaNIP2","NIP","EXONERATE",6,FALSE
"Fxa6Cg04054","red_fruit",0,0,3,"","FaNIP2","NIP","EXONERATE",6,FALSE
"Fxa6Cg04054","roots",0,0,2,"","FaNIP2","NIP","EXONERATE",6,FALSE
"Fxa6Cg04054","aux_bud",0,NA,1,"N=1_descriptive_only","FaNIP2","NIP","EXONERATE",6,FALSE
"Fxa6Cg04057","crown",0.0845006465078562,0.146359413024024,3,"","FaNIP2","NIP","EXONERATE",6,FALSE
"Fxa6Cg04057","green_fruit",1.91400549140809,0.152967662807891,3,"","FaNIP2","NIP","EXONERATE",6,FALSE
"Fxa6Cg04057","leaf",0.32473335619959,0.149688267174838,3,"","FaNIP2","NIP","EXONERATE",6,FALSE
"Fxa6Cg04057","red_fruit",0,0,3,"","FaNIP2","NIP","EXONERATE",6,FALSE
"Fxa6Cg04057","roots",0.344404507539866,0.184786125074645,2,"","FaNIP2","NIP","EXONERATE",6,FALSE
"Fxa6Cg04057","aux_bud",1.08709873892989,NA,1,"N=1_descriptive_only","FaNIP2","NIP","EXONERATE",6,FALSE
"Fxa6Dg00623","crown",0,0,3,"","FaNIP1","NIP","GFF3",6,FALSE
"Fxa6Dg00623","green_fruit",0,0,3,"","FaNIP1","NIP","GFF3",6,FALSE
"Fxa6Dg00623","leaf",0,0,3,"","FaNIP1","NIP","GFF3",6,FALSE
"Fxa6Dg00623","red_fruit",8.01244027177093,0.585432740950082,3,"","FaNIP1","NIP","GFF3",6,FALSE
"Fxa6Dg00623","roots",0,0,2,"","FaNIP1","NIP","GFF3",6,FALSE
"Fxa6Dg00623","aux_bud",0,NA,1,"N=1_descriptive_only","FaNIP1","NIP","GFF3",6,FALSE
"Fxa6Dg00624","crown",14.6784767067513,2.50926186368032,3,"","FaNIP1","NIP","GFF3",6,FALSE
"Fxa6Dg00624","green_fruit",14.0262619778269,3.76670099742551,3,"","FaNIP1","NIP","GFF3",6,FALSE
"Fxa6Dg00624","leaf",0.123699243673888,0.0970522868371355,3,"","FaNIP1","NIP","GFF3",6,FALSE
"Fxa6Dg00624","red_fruit",749.0815486685,95.3161144693533,3,"","FaNIP1","NIP","GFF3",6,FALSE
"Fxa6Dg00624","roots",2.46141205552724,1.08975253051787,2,"","FaNIP1","NIP","GFF3",6,FALSE
"Fxa6Dg00624","aux_bud",1.79160649370817,NA,1,"N=1_descriptive_only","FaNIP1","NIP","GFF3",6,FALSE
"Fxa6Dg01485","crown",48.0504028418222,5.98904149252318,3,"","FaTIP1","TIP","GFF3",6,FALSE
"Fxa6Dg01485","green_fruit",16.682187683702,6.59958470623744,3,"","FaTIP1","TIP","GFF3",6,FALSE
"Fxa6Dg01485","leaf",22.703551603781,7.77321266001337,3,"","FaTIP1","TIP","GFF3",6,FALSE
"Fxa6Dg01485","red_fruit",1.15799377505279,0.75357276715395,3,"","FaTIP1","TIP","GFF3",6,FALSE
"Fxa6Dg01485","roots",17.7173548361493,4.60819898200243,2,"","FaTIP1","TIP","GFF3",6,FALSE
"Fxa6Dg01485","aux_bud",123.133451912548,NA,1,"N=1_descriptive_only","FaTIP1","TIP","GFF3",6,FALSE
"Fxa6Dg02490","crown",1.29054939675319,0.145096594156998,3,"","FaNIP6","NIP","GFF3",6,FALSE
"Fxa6Dg02490","green_fruit",3.42375855926739,0.462441527963756,3,"","FaNIP6","NIP","GFF3",6,FALSE
"Fxa6Dg02490","leaf",0.880781195189004,0.356430927511358,3,"","FaNIP6","NIP","GFF3",6,FALSE
"Fxa6Dg02490","red_fruit",0.29353556141707,0.246611475848839,3,"","FaNIP6","NIP","GFF3",6,FALSE
"Fxa6Dg02490","roots",1.48371584456518,0.528602645539347,2,"","FaNIP6","NIP","GFF3",6,FALSE
"Fxa6Dg02490","aux_bud",2.82260201196127,NA,1,"N=1_descriptive_only","FaNIP6","NIP","GFF3",6,FALSE
"Fxa6Dg02788","crown",20.8642080157167,2.58985918083811,3,"","FaTIP2","TIP","GFF3",6,FALSE
"Fxa6Dg02788","green_fruit",14.4098077933442,2.2018816252673,3,"","FaTIP2","TIP","GFF3",6,FALSE
"Fxa6Dg02788","leaf",16.4517165132193,1.01781798410598,3,"","FaTIP2","TIP","GFF3",6,FALSE
"Fxa6Dg02788","red_fruit",2.94758550109624,0.719032818378553,3,"","FaTIP2","TIP","GFF3",6,FALSE
"Fxa6Dg02788","roots",74.1386386363261,18.650485738369,2,"","FaTIP2","TIP","GFF3",6,FALSE
"Fxa6Dg02788","aux_bud",54.0185374980193,NA,1,"N=1_descriptive_only","FaTIP2","TIP","GFF3",6,FALSE
"Fxa6Dg03788","crown",8.9511379594531,1.26134923821336,3,"","FaSIP1","SIP","GFF3",6,FALSE
"Fxa6Dg03788","green_fruit",49.1814961866066,2.40851992741087,3,"","FaSIP1","SIP","GFF3",6,FALSE
"Fxa6Dg03788","leaf",7.4390307541913,0.876746070851722,3,"","FaSIP1","SIP","GFF3",6,FALSE
"Fxa6Dg03788","red_fruit",17.3657139479997,0.701251150934856,3,"","FaSIP1","SIP","GFF3",6,FALSE
"Fxa6Dg03788","roots",13.7084117517035,2.70259024378253,2,"","FaSIP1","SIP","GFF3",6,FALSE
"Fxa6Dg03788","aux_bud",11.4826676025949,NA,1,"N=1_descriptive_only","FaSIP1","SIP","GFF3",6,FALSE
"Fxa6Dg03790","crown",0.278794633903318,0.0975845543662988,3,"","FaSIP1","SIP","GFF3_FALLBACK",4,TRUE
"Fxa6Dg03790","green_fruit",2.59614684408326,0.415402983033174,3,"","FaSIP1","SIP","GFF3_FALLBACK",4,TRUE
"Fxa6Dg03790","leaf",1.4886689663085,0.916745180702975,3,"","FaSIP1","SIP","GFF3_FALLBACK",4,TRUE
"Fxa6Dg03790","red_fruit",1.46264051012489,1.10392510831161,3,"","FaSIP1","SIP","GFF3_FALLBACK",4,TRUE
"Fxa6Dg03790","roots",1.47186863948836,0.176592961094124,2,"","FaSIP1","SIP","GFF3_FALLBACK",4,TRUE
"Fxa6Dg03790","aux_bud",1.14181847411093,NA,1,"N=1_descriptive_only","FaSIP1","SIP","GFF3_FALLBACK",4,TRUE
"Fxa6Dg04288","crown",0,0,3,"","FaNIP2","NIP","GFF3",6,FALSE
"Fxa6Dg04288","green_fruit",0,0,3,"","FaNIP2","NIP","GFF3",6,FALSE
"Fxa6Dg04288","leaf",0.0289354166545227,0.050117611783808,3,"","FaNIP2","NIP","GFF3",6,FALSE
"Fxa6Dg04288","red_fruit",0,0,3,"","FaNIP2","NIP","GFF3",6,FALSE
"Fxa6Dg04288","roots",0.178435551936289,0.252345977557829,2,"","FaNIP2","NIP","GFF3",6,FALSE
"Fxa6Dg04288","aux_bud",0.680523810570112,NA,1,"N=1_descriptive_only","FaNIP2","NIP","GFF3",6,FALSE
"Fxa6Dg04289","crown",0,0,3,"","FaNIP2","NIP","GFF3",6,FALSE
"Fxa6Dg04289","green_fruit",0,0,3,"","FaNIP2","NIP","GFF3",6,FALSE
"Fxa6Dg04289","leaf",0,0,3,"","FaNIP2","NIP","GFF3",6,FALSE
"Fxa6Dg04289","red_fruit",0,0,3,"","FaNIP2","NIP","GFF3",6,FALSE
"Fxa6Dg04289","roots",0,0,2,"","FaNIP2","NIP","GFF3",6,FALSE
"Fxa6Dg04289","aux_bud",0,NA,1,"N=1_descriptive_only","FaNIP2","NIP","GFF3",6,FALSE
"Fxa7Ag00344","crown",2.90717696904732,0.340363558846305,3,"","FaTIP1","TIP","GFF3",6,FALSE
"Fxa7Ag00344","green_fruit",0.237382919502956,0.154702558737274,3,"","FaTIP1","TIP","GFF3",6,FALSE
"Fxa7Ag00344","leaf",1.02710711458666,0.279520876256416,3,"","FaTIP1","TIP","GFF3",6,FALSE
"Fxa7Ag00344","red_fruit",1.2844584259794,1.22523427972157,3,"","FaTIP1","TIP","GFF3",6,FALSE
"Fxa7Ag00344","roots",162.030205283219,37.1214548713015,2,"","FaTIP1","TIP","GFF3",6,FALSE
"Fxa7Ag00344","aux_bud",4.18075059151649,NA,1,"N=1_descriptive_only","FaTIP1","TIP","GFF3",6,FALSE
"Fxa7Ag01470","crown",257.728218408322,76.4165422585455,3,"","FaPIP1","PIP","GFF3",6,FALSE
"Fxa7Ag01470","green_fruit",98.35118245777,4.42243210709913,3,"","FaPIP1","PIP","GFF3",6,FALSE
"Fxa7Ag01470","leaf",36.426495787493,10.0110733581899,3,"","FaPIP1","PIP","GFF3",6,FALSE
"Fxa7Ag01470","red_fruit",58.3623820945304,17.4776570507423,3,"","FaPIP1","PIP","GFF3",6,FALSE
"Fxa7Ag01470","roots",152.372121321574,15.7831521405906,2,"","FaPIP1","PIP","GFF3",6,FALSE
"Fxa7Ag01470","aux_bud",92.3913492820418,NA,1,"N=1_descriptive_only","FaPIP1","PIP","GFF3",6,FALSE
"Fxa7Ag01972","crown",275.552965252219,6.40203538697203,3,"","FaPIP2","PIP","GFF3",6,FALSE
"Fxa7Ag01972","green_fruit",90.501380188396,11.6998703216104,3,"","FaPIP2","PIP","GFF3",6,FALSE
"Fxa7Ag01972","leaf",21.6601925817789,11.8413411290821,3,"","FaPIP2","PIP","GFF3",6,FALSE
"Fxa7Ag01972","red_fruit",228.888593902373,5.38579377144514,3,"","FaPIP2","PIP","GFF3",6,FALSE
"Fxa7Ag01972","roots",120.56680047908,27.5376572368647,2,"","FaPIP2","PIP","GFF3",6,FALSE
"Fxa7Ag01972","aux_bud",111.089210929177,NA,1,"N=1_descriptive_only","FaPIP2","PIP","GFF3",6,FALSE
"Fxa7Ag02144","crown",0,0,3,"","FaTIP1","TIP","GFF3",6,FALSE
"Fxa7Ag02144","green_fruit",0,0,3,"","FaTIP1","TIP","GFF3",6,FALSE
"Fxa7Ag02144","leaf",0,0,3,"","FaTIP1","TIP","GFF3",6,FALSE
"Fxa7Ag02144","red_fruit",0,0,3,"","FaTIP1","TIP","GFF3",6,FALSE
"Fxa7Ag02144","roots",0,0,2,"","FaTIP1","TIP","GFF3",6,FALSE
"Fxa7Ag02144","aux_bud",0,NA,1,"N=1_descriptive_only","FaTIP1","TIP","GFF3",6,FALSE
"Fxa7Ag02374","crown",247.102156932287,7.12206093770643,3,"","FaPIP1","PIP","EXONERATE",6,FALSE
"Fxa7Ag02374","green_fruit",773.635123347174,66.1967460027829,3,"","FaPIP1","PIP","EXONERATE",6,FALSE
"Fxa7Ag02374","leaf",54.5622721574357,11.9259967489275,3,"","FaPIP1","PIP","EXONERATE",6,FALSE
"Fxa7Ag02374","red_fruit",701.389361428302,86.6328677283235,3,"","FaPIP1","PIP","EXONERATE",6,FALSE
"Fxa7Ag02374","roots",510.683949459849,155.833131771798,2,"","FaPIP1","PIP","EXONERATE",6,FALSE
"Fxa7Ag02374","aux_bud",120.251650617787,NA,1,"N=1_descriptive_only","FaPIP1","PIP","EXONERATE",6,FALSE
"Fxa7Ag02742","crown",0,0,3,"","FaTIP5","TIP","GFF3",6,FALSE
"Fxa7Ag02742","green_fruit",0,0,3,"","FaTIP5","TIP","GFF3",6,FALSE
"Fxa7Ag02742","leaf",0,0,3,"","FaTIP5","TIP","GFF3",6,FALSE
"Fxa7Ag02742","red_fruit",0,0,3,"","FaTIP5","TIP","GFF3",6,FALSE
"Fxa7Ag02742","roots",0,0,2,"","FaTIP5","TIP","GFF3",6,FALSE
"Fxa7Ag02742","aux_bud",0,NA,1,"N=1_descriptive_only","FaTIP5","TIP","GFF3",6,FALSE
"Fxa7Bg00386","crown",22.0117889654209,13.236560365753,3,"","FaTIP1","TIP","GFF3",6,FALSE
"Fxa7Bg00386","green_fruit",0.290552271453135,0.222809742486616,3,"","FaTIP1","TIP","GFF3",6,FALSE
"Fxa7Bg00386","leaf",1.56681045086459,0.395953828485768,3,"","FaTIP1","TIP","GFF3",6,FALSE
"Fxa7Bg00386","red_fruit",0.158624735104906,0.274746100538851,3,"","FaTIP1","TIP","GFF3",6,FALSE
"Fxa7Bg00386","roots",49.5675210035982,16.0554248107165,2,"","FaTIP1","TIP","GFF3",6,FALSE
"Fxa7Bg00386","aux_bud",9.27987014413789,NA,1,"N=1_descriptive_only","FaTIP1","TIP","GFF3",6,FALSE
"Fxa7Bg01478","crown",48.954266089387,5.46337798542665,3,"","FaPIP1","PIP","GFF3",6,FALSE
"Fxa7Bg01478","green_fruit",37.4651495942214,7.85195509988514,3,"","FaPIP1","PIP","GFF3",6,FALSE
"Fxa7Bg01478","leaf",18.8764376916473,6.33967644623965,3,"","FaPIP1","PIP","GFF3",6,FALSE
"Fxa7Bg01478","red_fruit",2.08833328572153,0.918548634533981,3,"","FaPIP1","PIP","GFF3",6,FALSE
"Fxa7Bg01478","roots",146.826417075912,10.6182988606466,2,"","FaPIP1","PIP","GFF3",6,FALSE
"Fxa7Bg01478","aux_bud",65.4129126517646,NA,1,"N=1_descriptive_only","FaPIP1","PIP","GFF3",6,FALSE
"Fxa7Bg01892","crown",331.833779603412,98.3547909783901,3,"","FaPIP2","PIP","GFF3",6,FALSE
"Fxa7Bg01892","green_fruit",74.1190291852364,10.6261530527755,3,"","FaPIP2","PIP","GFF3",6,FALSE
"Fxa7Bg01892","leaf",9.19299941426875,5.99422132079652,3,"","FaPIP2","PIP","GFF3",6,FALSE
"Fxa7Bg01892","red_fruit",46.3883680368911,3.29893799089432,3,"","FaPIP2","PIP","GFF3",6,FALSE
"Fxa7Bg01892","roots",98.3234398896,53.5562417541987,2,"","FaPIP2","PIP","GFF3",6,FALSE
"Fxa7Bg01892","aux_bud",53.4158632373283,NA,1,"N=1_descriptive_only","FaPIP2","PIP","GFF3",6,FALSE
"Fxa7Bg02050","crown",0,0,3,"","FaTIP1","TIP","GFF3",6,FALSE
"Fxa7Bg02050","green_fruit",0,0,3,"","FaTIP1","TIP","GFF3",6,FALSE
"Fxa7Bg02050","leaf",0,0,3,"","FaTIP1","TIP","GFF3",6,FALSE
"Fxa7Bg02050","red_fruit",0,0,3,"","FaTIP1","TIP","GFF3",6,FALSE
"Fxa7Bg02050","roots",0,0,2,"","FaTIP1","TIP","GFF3",6,FALSE
"Fxa7Bg02050","aux_bud",0,NA,1,"N=1_descriptive_only","FaTIP1","TIP","GFF3",6,FALSE
"Fxa7Bg02233","crown",116.269560330538,25.5029608048567,3,"","FaPIP1","PIP","GFF3",6,FALSE
"Fxa7Bg02233","green_fruit",88.7083250587972,10.0959391234922,3,"","FaPIP1","PIP","GFF3",6,FALSE
"Fxa7Bg02233","leaf",10.6533922801054,0.94961168034846,3,"","FaPIP1","PIP","GFF3",6,FALSE
"Fxa7Bg02233","red_fruit",829.010991180758,78.588903557149,3,"","FaPIP1","PIP","GFF3",6,FALSE
"Fxa7Bg02233","roots",199.205947667394,107.968315222509,2,"","FaPIP1","PIP","GFF3",6,FALSE
"Fxa7Bg02233","aux_bud",47.1593300835815,NA,1,"N=1_descriptive_only","FaPIP1","PIP","GFF3",6,FALSE
"Fxa7Bg02566","crown",0,0,3,"","FaTIP5","TIP","GFF3",6,FALSE
"Fxa7Bg02566","green_fruit",0,0,3,"","FaTIP5","TIP","GFF3",6,FALSE
"Fxa7Bg02566","leaf",0,0,3,"","FaTIP5","TIP","GFF3",6,FALSE
"Fxa7Bg02566","red_fruit",0,0,3,"","FaTIP5","TIP","GFF3",6,FALSE
"Fxa7Bg02566","roots",0,0,2,"","FaTIP5","TIP","GFF3",6,FALSE
"Fxa7Bg02566","aux_bud",0,NA,1,"N=1_descriptive_only","FaTIP5","TIP","GFF3",6,FALSE
"Fxa7Cg00335","crown",7.89183677759525,3.75134579761075,3,"","FaTIP1","TIP","GFF3",6,FALSE
"Fxa7Cg00335","green_fruit",0.315409801412802,0.278293674207605,3,"","FaTIP1","TIP","GFF3",6,FALSE
"Fxa7Cg00335","leaf",0.221887138983021,0.249107054566702,3,"","FaTIP1","TIP","GFF3",6,FALSE
"Fxa7Cg00335","red_fruit",0.843083521843214,0.369439845592643,3,"","FaTIP1","TIP","GFF3",6,FALSE
"Fxa7Cg00335","roots",88.6287319172773,21.6085061335055,2,"","FaTIP1","TIP","GFF3",6,FALSE
"Fxa7Cg00335","aux_bud",0.854071047402249,NA,1,"N=1_descriptive_only","FaTIP1","TIP","GFF3",6,FALSE
"Fxa7Cg01379","crown",82.2145976355052,30.9729593793308,3,"","FaPIP1","PIP","GFF3",6,FALSE
"Fxa7Cg01379","green_fruit",73.0873487096799,8.01906741925584,3,"","FaPIP1","PIP","GFF3",6,FALSE
"Fxa7Cg01379","leaf",109.558547574743,24.8727042453736,3,"","FaPIP1","PIP","GFF3",6,FALSE
"Fxa7Cg01379","red_fruit",19.4575655567974,4.31364884963737,3,"","FaPIP1","PIP","GFF3",6,FALSE
"Fxa7Cg01379","roots",145.362861699885,2.66002017162741,2,"","FaPIP1","PIP","GFF3",6,FALSE
"Fxa7Cg01379","aux_bud",94.1286604595195,NA,1,"N=1_descriptive_only","FaPIP1","PIP","GFF3",6,FALSE
"Fxa7Cg01769","crown",268.938787780305,72.0764191145483,3,"","FaPIP2","PIP","GFF3",6,FALSE
"Fxa7Cg01769","green_fruit",798.815841680791,107.156127755816,3,"","FaPIP2","PIP","GFF3",6,FALSE
"Fxa7Cg01769","leaf",30.8183183769194,15.5912403873615,3,"","FaPIP2","PIP","GFF3",6,FALSE
"Fxa7Cg01769","red_fruit",922.120099116621,9.26902425436617,3,"","FaPIP2","PIP","GFF3",6,FALSE
"Fxa7Cg01769","roots",98.3692746545609,13.9758418812536,2,"","FaPIP2","PIP","GFF3",6,FALSE
"Fxa7Cg01769","aux_bud",64.6138030181332,NA,1,"N=1_descriptive_only","FaPIP2","PIP","GFF3",6,FALSE
"Fxa7Cg01932","crown",0,0,3,"","FaTIP1","TIP","GFF3",6,FALSE
"Fxa7Cg01932","green_fruit",0,0,3,"","FaTIP1","TIP","GFF3",6,FALSE
"Fxa7Cg01932","leaf",0,0,3,"","FaTIP1","TIP","GFF3",6,FALSE
"Fxa7Cg01932","red_fruit",0,0,3,"","FaTIP1","TIP","GFF3",6,FALSE
"Fxa7Cg01932","roots",0,0,2,"","FaTIP1","TIP","GFF3",6,FALSE
"Fxa7Cg01932","aux_bud",0,NA,1,"N=1_descriptive_only","FaTIP1","TIP","GFF3",6,FALSE
"Fxa7Cg02122","crown",170.918660855147,28.8876519151623,3,"","FaPIP1","PIP","GFF3",6,FALSE
"Fxa7Cg02122","green_fruit",776.643546665673,62.9918796716149,3,"","FaPIP1","PIP","GFF3",6,FALSE
"Fxa7Cg02122","leaf",40.9305734811043,4.96744371438557,3,"","FaPIP1","PIP","GFF3",6,FALSE
"Fxa7Cg02122","red_fruit",3748.39076186375,201.804630292904,3,"","FaPIP1","PIP","GFF3",6,FALSE
"Fxa7Cg02122","roots",657.773620589143,191.873649622677,2,"","FaPIP1","PIP","GFF3",6,FALSE
"Fxa7Cg02122","aux_bud",323.529807089732,NA,1,"N=1_descriptive_only","FaPIP1","PIP","GFF3",6,FALSE
"Fxa7Cg02454","crown",0,0,3,"","FaTIP5","TIP","GFF3",6,FALSE
"Fxa7Cg02454","green_fruit",0,0,3,"","FaTIP5","TIP","GFF3",6,FALSE
"Fxa7Cg02454","leaf",0,0,3,"","FaTIP5","TIP","GFF3",6,FALSE
"Fxa7Cg02454","red_fruit",0,0,3,"","FaTIP5","TIP","GFF3",6,FALSE
"Fxa7Cg02454","roots",0,0,2,"","FaTIP5","TIP","GFF3",6,FALSE
"Fxa7Cg02454","aux_bud",0,NA,1,"N=1_descriptive_only","FaTIP5","TIP","GFF3",6,FALSE
"Fxa7Dg00308","crown",12.6040340975864,3.35473820503212,3,"","FaTIP1","TIP","GFF3",6,FALSE
"Fxa7Dg00308","green_fruit",0.0787059446303657,0.0775066075668536,3,"","FaTIP1","TIP","GFF3",6,FALSE
"Fxa7Dg00308","leaf",0.786080703101844,0.321989727274625,3,"","FaTIP1","TIP","GFF3",6,FALSE
"Fxa7Dg00308","red_fruit",0.158388366596846,0.137183293056832,3,"","FaTIP1","TIP","GFF3",6,FALSE
"Fxa7Dg00308","roots",132.244767761351,43.1171874117572,2,"","FaTIP1","TIP","GFF3",6,FALSE
"Fxa7Dg00308","aux_bud",8.25135120316261,NA,1,"N=1_descriptive_only","FaTIP1","TIP","GFF3",6,FALSE
"Fxa7Dg01388","crown",33.8478937075545,8.28838314637781,3,"","FaPIP1","PIP","GFF3_FALLBACK",5,TRUE
"Fxa7Dg01388","green_fruit",24.4529314123384,1.30681796904408,3,"","FaPIP1","PIP","GFF3_FALLBACK",5,TRUE
"Fxa7Dg01388","leaf",9.08081239910413,2.87279121558289,3,"","FaPIP1","PIP","GFF3_FALLBACK",5,TRUE
"Fxa7Dg01388","red_fruit",3.48278009996496,1.43611196917171,3,"","FaPIP1","PIP","GFF3_FALLBACK",5,TRUE
"Fxa7Dg01388","roots",30.1393537457629,0.71287466758999,2,"","FaPIP1","PIP","GFF3_FALLBACK",5,TRUE
"Fxa7Dg01388","aux_bud",36.8319632323422,NA,1,"N=1_descriptive_only","FaPIP1","PIP","GFF3_FALLBACK",5,TRUE
"Fxa7Dg01838","crown",97.1968035150984,20.8209989636894,3,"","FaPIP2","PIP","GFF3",6,FALSE
"Fxa7Dg01838","green_fruit",72.0359551696206,6.69924792356521,3,"","FaPIP2","PIP","GFF3",6,FALSE
"Fxa7Dg01838","leaf",24.2531750070102,10.7486502645318,3,"","FaPIP2","PIP","GFF3",6,FALSE
"Fxa7Dg01838","red_fruit",89.2258325011748,4.32566174489422,3,"","FaPIP2","PIP","GFF3",6,FALSE
"Fxa7Dg01838","roots",46.2465397290495,14.6074303725674,2,"","FaPIP2","PIP","GFF3",6,FALSE
"Fxa7Dg01838","aux_bud",50.4365080140539,NA,1,"N=1_descriptive_only","FaPIP2","PIP","GFF3",6,FALSE
"Fxa7Dg01994","crown",0,0,3,"","FaTIP1","TIP","GFF3",6,FALSE
"Fxa7Dg01994","green_fruit",0.102806756674642,0.102086048083784,3,"","FaTIP1","TIP","GFF3",6,FALSE
"Fxa7Dg01994","leaf",0,0,3,"","FaTIP1","TIP","GFF3",6,FALSE
"Fxa7Dg01994","red_fruit",0.103450914198852,0.17918223948186,3,"","FaTIP1","TIP","GFF3",6,FALSE
"Fxa7Dg01994","roots",0.0587732384506881,0.083117910921551,2,"","FaTIP1","TIP","GFF3",6,FALSE
"Fxa7Dg01994","aux_bud",0,NA,1,"N=1_descriptive_only","FaTIP1","TIP","GFF3",6,FALSE
"Fxa7Dg02199","crown",137.766386641406,6.13538034154782,3,"","FaPIP1","PIP","EXONERATE",6,FALSE
"Fxa7Dg02199","green_fruit",491.298012999742,47.177848744615,3,"","FaPIP1","PIP","EXONERATE",6,FALSE
"Fxa7Dg02199","leaf",26.2322147888781,4.09654694485369,3,"","FaPIP1","PIP","EXONERATE",6,FALSE
"Fxa7Dg02199","red_fruit",182.136777098906,32.9395040938297,3,"","FaPIP1","PIP","EXONERATE",6,FALSE
"Fxa7Dg02199","roots",251.276736601893,76.0379500955662,2,"","FaPIP1","PIP","EXONERATE",6,FALSE
"Fxa7Dg02199","aux_bud",44.3887121894596,NA,1,"N=1_descriptive_only","FaPIP1","PIP","EXONERATE",6,FALSE
