motif_id	motif_alt_id	sequence_name	start	stop	strand	score	p-value	q-value	matched_sequence
LAPJAIGFAVGANILAAGPITGASMNPARS	MEME-1	Fxa6Cg01391-mRNA-1_Benihoppe_v1	213	242	+	96.9677	1.22e-31	2.25e-28	LAPLPIGFAVFMVHLATIPITGTGINPARS
LAPJAIGFAVGANILAAGPITGASMNPARS	MEME-1	Fxa6Bg00715-mRNA-1_Benihoppe_v1	139	168	+	91.5161	2.68e-29	2.48e-26	LAGLAVGSTVLLNVMFAGPITGASMNPARS
LVYNVIRFTDKPLREJTKSSSFLKGR	MEME-9	Fxa3Dg00714-mRNA-1_Benihoppe_v1	159	184	+	81.0149	3.59e-28	9.06e-25	LVYNVIRFTDKPLNELTKTSSFLKGV
LAPJAIGFAVGANILAAGPITGASMNPARS	MEME-1	Fxa6Ag01546-mRNA-1_Benihoppe_v1	33	62	+	83.7903	4.48e-27	2.76e-24	LAPLPIGFAVFMVHLATIPITGTVINPARS
LAPJAIGFAVGANILAAGPITGASMNPARS	MEME-1	Fxa3Dg00714-mRNA-1_Benihoppe_v1	101	130	+	77.5968	8.3e-26	3.84e-23	FAGLAVGSTVLLNVMFAGPITGASMNPARS
GQALVAEIIGTFVLVYTVYAVATDKR	MEME-4	Fxa6Cg01391-mRNA-1_Benihoppe_v1	178	203	+	73.2667	3.28e-24	6.56e-21	GTGLAAEIIGTFVLVYTVFSATDPKR
WKDHWIYWVGPFJGALJAA	MEME-3	Fxa6Ag01546-mRNA-1_Benihoppe_v1	75	93	+	67.1091	4.31e-24	4.71e-21	WDDHWIFWVGPFIGAAIAA
WKDHWIYWVGPFJGALJAA	MEME-3	Fxa6Cg01391-mRNA-1_Benihoppe_v1	255	273	+	67.1091	4.31e-24	4.71e-21	WDDHWIFWVGPFIGAAIAA
VYSTAHISGGHINPAVTFG	MEME-2	Fxa6Cg01391-mRNA-1_Benihoppe_v1	105	123	+	67.5789	1.1e-23	2.36e-20	VYCTAGISGGHINPAVTFG
LVYNVIRFTDKPLREJTKSSSFLKGR	MEME-9	Fxa6Bg00715-mRNA-1_Benihoppe_v1	197	222	+	65.9104	1.5e-21	1.89e-18	LVYNVIRFTDKPLNELAKTSYFLKGV
RAVJAEFIATLJFVFAGVGSVIAYKK	MEME-6	Fxa3Cg00716-mRNA-1_Benihoppe_v1	40	65	+	65.3607	1.9e-21	3.71e-18	QKVIAEVLGTYFLIFAGCGSVIVNLS
PLYIIAQLLGSIVACLLLK	MEME-5	Fxa6Cg01391-mRNA-1_Benihoppe_v1	136	154	+	56.9492	1.56e-20	3.04e-17	VLYIVAQCLGAICGCGLVK
GQALVAEIIGTFVLVYTVYAVATDKR	MEME-4	Fxa6Ag04863-mRNA-1_Benihoppe_v1	42	67	+	61.6833	2.05e-20	2.05e-17	LQALVTEIIVTFSMMFITSAVATDTK
VYSTAHISGGHINPAVTFG	MEME-2	Fxa3Dg00714-mRNA-1_Benihoppe_v1	2	20	+	60.7544	4.15e-20	2.97e-17	VYSVGHISGAHFNPAVTLA
VYSTAHISGGHINPAVTFG	MEME-2	Fxa6Bg00715-mRNA-1_Benihoppe_v1	81	99	+	60.7544	4.15e-20	2.97e-17	VYSVGHISGAHFNPAVTLA
GQALVAEIIGTFVLVYTVYAVATDKR	MEME-4	Fxa4Bg03149-mRNA-1_Benihoppe_v1	42	67	+	57.15	2.01e-19	1.34e-16	RQSLVIEIIASFLLMFVISGVATDNR
RAVJAEFIATLJFVFAGVGSVIAYKK	MEME-6	Fxa6Bg00715-mRNA-1_Benihoppe_v1	34	59	+	57.8033	3.06e-19	1.99e-16	LSVIAEVLGTYFLIFAGCGSVIVNLS
RAVJAEFIATLJFVFAGVGSVIAYKK	MEME-6	Fxa3Bg00731-mRNA-1_Benihoppe_v1	34	59	+	57.8033	3.06e-19	1.99e-16	LSVIAEVLGTYFLIFAGCGSVIVNLS
GQALVAEIIGTFVLVYTVYAVATDKR	MEME-4	Fxa6Bg00715-mRNA-1_Benihoppe_v1	109	134	+	53.8667	8.21e-19	4.1e-16	KEAFVLEFIITFYLMFVVSGVATDSR
VYSTAHISGGHINPAVTFG	MEME-2	Fxa5Bg01988-mRNA-1_Benihoppe_v1	30	48	+	54.2982	4.47e-18	2.4e-15	ISASINISGGHVNPAVTFG
WKDHWIYWVGPFJGALJAA	MEME-3	Fxa3Dg00714-mRNA-1_Benihoppe_v1	140	158	+	50.0909	7.08e-17	3.88e-14	YKGLWIYLVSPILGALCGA
WKDHWIYWVGPFJGALJAA	MEME-3	Fxa6Bg00715-mRNA-1_Benihoppe_v1	178	196	+	50.0909	7.08e-17	3.88e-14	YKGLWIYLVSPILGALCGA
QKSLYTTYGGGANSLAPGY	MEME-10	Fxa6Cg01391-mRNA-1_Benihoppe_v1	157	175	+	48.8462	7.32e-17	2.1e-13	QSALYSNYGGGANGLADGY
GQALVAEIIGTFVLVYTVYAVATDKR	MEME-4	Fxa2Bg00225-mRNA-1_Benihoppe_v1	95	120	+	40.6	1.04e-16	4.16e-14	HTALVLEFVCTFVVLFVGVTVAFDKN
VYSTAHISGGHINPAVTFG	MEME-2	Fxa3Cg00716-mRNA-1_Benihoppe_v1	87	105	+	47.3333	1.71e-16	7.32e-14	VYFVGHISGAHFNPAVTLA
PLYIIAQLLGSIVACLLLK	MEME-5	Fxa5Bg01988-mRNA-1_Benihoppe_v1	61	79	+	48.8475	1.92e-16	1.87e-13	FYYWVAQLLGAIVASLLLR
LAPJAIGFAVGANILAAGPITGASMNPARS	MEME-1	Fxa5Dg03404-mRNA-1_Benihoppe_v1	117	146	+	6.12903	3.75e-16	1.39e-13	LAAVAIGVTVLFNAMAAGPITGASMNRKEF
HPIDHFAVTSPSGS	MEME-12	Fxa3Dg00714-mRNA-1_Benihoppe_v1	56	69	+	42.4783	3.85e-15	8.08e-12	HHQDHFAGTDPSGS
CGGVGJLGIAWAFGGMIFV	MEME-8	Fxa6Cg01391-mRNA-1_Benihoppe_v1	85	103	+	43.2188	4.52e-15	8.82e-12	CGGVGILGIAWAFCGMIFV
RAVJAEFIATLJFVFAGVGSVIAYKK	MEME-6	Fxa2Cg01599-mRNA-1_Benihoppe_v1	3	28	+	33.1803	5.11e-15	2.5e-12	RAALTEFVATACLMFTLTSSIIACLD
HPIDHFAVTSPSGS	MEME-12	Fxa6Ag04863-mRNA-1_Benihoppe_v1	27	40	+	42.1449	5.87e-15	8.08e-12	HPIKHVGTTSPSGS
PLYIIAQLLGSIVACLLLK	MEME-5	Fxa4Bg03149-mRNA-1_Benihoppe_v1	4	22	+	43.3559	9.15e-15	5.93e-12	PLYIVAQLIGSLLASGTLC
VYSTAHISGGHINPAVTFG	MEME-2	Fxa5Dg03404-mRNA-1_Benihoppe_v1	84	102	+	34.1579	2.54e-14	9.1e-12	TYTVGHVSGCHLNPAVTSA
WKDHWIYWVGPFJGALJAA	MEME-3	Fxa2Cg01599-mRNA-1_Benihoppe_v1	137	155	+	36.8545	4.55e-14	1.66e-11	WDGHWVFWVGSILACSVYY
WKDHWIYWVGPFJGALJAA	MEME-3	Fxa2Bg00225-mRNA-1_Benihoppe_v1	176	194	+	36.8545	4.55e-14	1.66e-11	WDGHWVFWVGSILACSVYY
PLYIIAQLLGSIVACLLLK	MEME-5	Fxa6Ag04863-mRNA-1_Benihoppe_v1	5	23	+	39.5593	6.86e-14	3.34e-11	PVYALAQLIGSISASFTVS
RAVJAEFIATLJFVFAGVGSVIAYKK	MEME-6	Fxa5Dg03404-mRNA-1_Benihoppe_v1	39	64	+	22.2623	1.35e-13	5.27e-11	QKMVAELVGTYVLVFMGCGAALVNKT
PLYIIAQLLGSIVACLLLK	MEME-5	Fxa3Dg00714-mRNA-1_Benihoppe_v1	33	51	+	36.4237	2.71e-13	1.05e-10	PAYIIAQVLGSTFASGTLR
CGGVGJLGIAWAFGGMIFV	MEME-8	Fxa6Bg00715-mRNA-1_Benihoppe_v1	61	79	+	36	1.3e-12	1.27e-09	DKLVSFPGISITWGLMVMV
WKDHWIYWVGPFJGALJAA	MEME-3	Fxa1Bg02622-mRNA-1_Benihoppe_v1	145	163	+	27.0545	1.49e-12	4.65e-10	KEHILVYWLAPIEATLLAV
PLYIIAQLLGSIVACLLLK	MEME-5	Fxa2Bg00225-mRNA-1_Benihoppe_v1	53	71	+	30.7966	2.09e-12	6.78e-10	SIYVLMQCVGSIVGFLIIK
PLYIIAQLLGSIVACLLLK	MEME-5	Fxa1Bg03423-mRNA-1_Benihoppe_v1	69	87	+	26.0169	1.03e-11	2.51e-09	ALRFPAQTLGAVGGALAIK
PLYIIAQLLGSIVACLLLK	MEME-5	Fxa1Ag03542-mRNA-1_Benihoppe_v1	201	219	+	26.0169	1.03e-11	2.51e-09	ALRFPAQTLGAVGGALAIK
MYEQFVJRPSAVKPLGSFR	MEME-11	Fxa6Ag01546-mRNA-1_Benihoppe_v1	94	112	+	30.5231	5.68e-11	7.59e-08	LYHQNILRAGAAKASGSFR
MYEQFVJRPSAVKPLGSFR	MEME-11	Fxa6Cg01391-mRNA-1_Benihoppe_v1	274	292	+	30.5231	5.68e-11	7.59e-08	LYHQNILRAGAAKASGSFR
CGGVGJLGIAWAFGGMIFV	MEME-8	Fxa3Bg00731-mRNA-1_Benihoppe_v1	61	79	+	29.8594	5.8e-11	3.19e-08	DKLVSFPGFSITWGLAVMV
CGGVGJLGIAWAFGGMIFV	MEME-8	Fxa5Bg01988-mRNA-1_Benihoppe_v1	10	28	+	29.6406	6.54e-11	3.19e-08	TSVAELIAIALAHAFALFS
HPIDHFAVTSPSGS	MEME-12	Fxa4Bg03149-mRNA-1_Benihoppe_v1	27	40	+	28.7681	9.85e-11	9.04e-08	VHTDEFFGTVPVGS
LAPJAIGFAVGANILAAGPITGASMNPARS	MEME-1	Fxa2Bg00225-mRNA-1_Benihoppe_v1	9	38	+	-52.5806	1.18e-10	3.64e-08	LVPLAVFVIAFLFLMVTVPLSGGHMSPVFT
CGGVGJLGIAWAFGGMIFV	MEME-8	Fxa5Dg03404-mRNA-1_Benihoppe_v1	64	82	+	28.0781	1.51e-10	5.89e-08	THPLTTVGIAIVWGLVLMA
LAPJAIGFAVGANILAAGPITGASMNPARS	MEME-1	Fxa2Cg01599-mRNA-1_Benihoppe_v1	37	66	+	-61.2903	5.82e-10	1.54e-07	LVPIAVFIIAFLFLMVTVPLSGGHMSPVFT
MYEQFVJRPSAVKPLGSFR	MEME-11	Fxa1Bg03423-mRNA-1_Benihoppe_v1	93	111	+	25.0308	7.09e-10	4.73e-07	QYKHLIGGPSLKVDLHTGA
MYEQFVJRPSAVKPLGSFR	MEME-11	Fxa1Ag03542-mRNA-1_Benihoppe_v1	225	243	+	25.0308	7.09e-10	4.73e-07	QYKHLIGGPSLKVDLHTGA
GQALVAEIIGTFVLVYTVYAVATDKR	MEME-4	Fxa5Dg03404-mRNA-1_Benihoppe_v1	38	63	+	-25.3167	2.16e-09	7.19e-07	FQKMVAELVGTYVLVFMGCGAALVNK
CGGVGJLGIAWAFGGMIFV	MEME-8	Fxa3Cg00716-mRNA-1_Benihoppe_v1	67	85	+	22.4062	2.2e-09	7.15e-07	DMLVSFPGISITWGLAVMV
VYSTAHISGGHINPAVTFG	MEME-2	Fxa1Ag03542-mRNA-1_Benihoppe_v1	283	301	+	-7.19298	2.57e-09	7.87e-07	VIAGSVYTGPSMNPANVSK
VYSTAHISGGHINPAVTFG	MEME-2	Fxa1Bg03423-mRNA-1_Benihoppe_v1	151	169	+	-8.38596	3.37e-09	9.02e-07	VVAGSVYTGPSMNPANVSK
VYSTAHISGGHINPAVTFG	MEME-2	Fxa3Dg00714-mRNA-1_Benihoppe_v1	114	132	+	-9.35088	4.2e-09	9.02e-07	VMFAGPITGASMNPARSLG
VYSTAHISGGHINPAVTFG	MEME-2	Fxa6Bg00715-mRNA-1_Benihoppe_v1	152	170	+	-9.35088	4.2e-09	9.02e-07	VMFAGPITGASMNPARSLG
LAPJAIGFAVGANILAAGPITGASMNPARS	MEME-1	Fxa3Cg00716-mRNA-1_Benihoppe_v1	74	103	+	-73.3226	4.82e-09	1.11e-06	GISITWGLAVMVPVYFVGHISGAHFNPAVT
PLYIIAQLLGSIVACLLLK	MEME-5	Fxa1Bg02622-mRNA-1_Benihoppe_v1	38	56	+	4.18644	5.24e-09	1.13e-06	AATVPAQVLGSVAGVRFIM
VYSTAHISGGHINPAVTFG	MEME-2	Fxa6Ag01546-mRNA-1_Benihoppe_v1	46	64	+	-17.0526	2.32e-08	4.15e-06	HLATIPITGTVINPARSFG
VYSTAHISGGHINPAVTFG	MEME-2	Fxa6Cg01391-mRNA-1_Benihoppe_v1	226	244	+	-17.0526	2.32e-08	4.15e-06	HLATIPITGTGINPARSFG
GQALVAEIIGTFVLVYTVYAVATDKR	MEME-4	Fxa2Cg01599-mRNA-1_Benihoppe_v1	2	27	+	-37.5833	2.32e-08	6.63e-06	WRAALTEFVATACLMFTLTSSIIACL
CGGVGJLGIAWAFGGMIFV	MEME-8	Fxa5Dg03404-mRNA-1_Benihoppe_v1	121	139	+	15.2969	3.31e-08	9.23e-06	AIGVTVLFNAMAAGPITGA
RAVJAEFIATLJFVFAGVGSVIAYKK	MEME-6	Fxa4Bg03149-mRNA-1_Benihoppe_v1	43	68	+	-34.7705	6.08e-08	1.98e-05	QSLVIEIIASFLLMFVISGVATDNRA
CGGVGJLGIAWAFGGMIFV	MEME-8	Fxa1Bg02622-mRNA-1_Benihoppe_v1	112	130	+	13.4375	6.16e-08	1.5e-05	KLTLHILGSDLTGGCMNPA
LAPJAIGFAVGANILAAGPITGASMNPARS	MEME-1	Fxa6Bg00715-mRNA-1_Benihoppe_v1	68	97	+	-88.8871	6.25e-08	1.28e-05	GISITWGLMVMVMVYSVGHISGAHFNPAVT
LAPJAIGFAVGANILAAGPITGASMNPARS	MEME-1	Fxa5Bg01988-mRNA-1_Benihoppe_v1	17	46	+	-93.3548	1.27e-07	2.35e-05	AIALAHAFALFSAISASINISGGHVNPAVT
RAVJAEFIATLJFVFAGVGSVIAYKK	MEME-6	Fxa6Ag04863-mRNA-1_Benihoppe_v1	43	68	+	-44.4754	3.43e-07	8.76e-05	QALVTEIIVTFSMMFITSAVATDTKA
RAVJAEFIATLJFVFAGVGSVIAYKK	MEME-6	Fxa2Bg00225-mRNA-1_Benihoppe_v1	96	121	+	-44.7377	3.58e-07	8.76e-05	TALVLEFVCTFVVLFVGVTVAFDKNR
QKSLYTTYGGGANSLAPGY	MEME-10	Fxa1Bg03423-mRNA-1_Benihoppe_v1	46	64	+	-6.47692	4.92e-07	0.00047	SFNPTGTASFYAAGVGADT
QKSLYTTYGGGANSLAPGY	MEME-10	Fxa1Ag03542-mRNA-1_Benihoppe_v1	178	196	+	-6.47692	4.92e-07	0.00047	SFNPTGTASFYAAGVGADT
LAPJAIGFAVGANILAAGPITGASMNPARS	MEME-1	Fxa6Cg01391-mRNA-1_Benihoppe_v1	92	121	+	-104.387	6.66e-07	0.000104	GIAWAFCGMIFVLVYCTAGISGGHINPAVT
LAPJAIGFAVGANILAAGPITGASMNPARS	MEME-1	Fxa1Ag03542-mRNA-1_Benihoppe_v1	270	299	+	-104.484	6.75e-07	0.000104	LKTLLLAVVTVALVIAGSVYTGPSMNPANV
LAPJAIGFAVGANILAAGPITGASMNPARS	MEME-1	Fxa1Bg03423-mRNA-1_Benihoppe_v1	23	52	+	-106.065	8.53e-07	0.000113	ITTALVFFLVLVFNMIGDALGGASFNPTGT
LAPJAIGFAVGANILAAGPITGASMNPARS	MEME-1	Fxa1Ag03542-mRNA-1_Benihoppe_v1	155	184	+	-106.065	8.53e-07	0.000113	ITTALVFFLVLVFNMIGDALGGASFNPTGT
VYSTAHISGGHINPAVTFG	MEME-2	Fxa2Bg00225-mRNA-1_Benihoppe_v1	22	40	+	-35.193	8.92e-07	0.000137	LMVTVPLSGGHMSPVFTFI
VYSTAHISGGHINPAVTFG	MEME-2	Fxa2Cg01599-mRNA-1_Benihoppe_v1	50	68	+	-35.193	8.92e-07	0.000137	LMVTVPLSGGHMSPVFTFI
RAVJAEFIATLJFVFAGVGSVIAYKK	MEME-6	Fxa6Dg03789-mRNA-1_Benihoppe_v1	40	65	+	-55.5738	2.16e-06	0.000469	KAAVGDAILTSLFVFVAPIIRVFTAI
RAVJAEFIATLJFVFAGVGSVIAYKK	MEME-6	Fxa6Cg01391-mRNA-1_Benihoppe_v1	179	204	+	-57.5246	2.94e-06	0.000574	TGLAAEIIGTFVLVYTVFSATDPKRN
LAPJAIGFAVGANILAAGPITGASMNPARS	MEME-1	Fxa1Bg03423-mRNA-1_Benihoppe_v1	138	167	+	-116.048	3.48e-06	0.00043	LKTLLLAVVTVALVVAGSVYTGPSMNPANV
GQALVAEIIGTFVLVYTVYAVATDKR	MEME-4	Fxa3Dg00714-mRNA-1_Benihoppe_v1	71	96	+	-67.9667	3.91e-06	0.000976	LQALVLEFIITFYLIIDNSIPNCLLK
GQALVAEIIGTFVLVYTVYAVATDKR	MEME-4	Fxa3Cg00716-mRNA-1_Benihoppe_v1	39	64	+	-68.8333	4.46e-06	0.000989	IQKVIAEVLGTYFLIFAGCGSVIVNL
GQALVAEIIGTFVLVYTVYAVATDKR	MEME-4	Fxa3Bg00731-mRNA-1_Benihoppe_v1	33	58	+	-72.5333	7.75e-06	0.00141	FLSVIAEVLGTYFLIFAGCGSVIVNL
GQALVAEIIGTFVLVYTVYAVATDKR	MEME-4	Fxa6Bg00715-mRNA-1_Benihoppe_v1	33	58	+	-72.5333	7.75e-06	0.00141	FLSVIAEVLGTYFLIFAGCGSVIVNL
LAPJAIGFAVGANILAAGPITGASMNPARS	MEME-1	Fxa5Dg03404-mRNA-1_Benihoppe_v1	71	100	+	-122.048	7.94e-06	0.000917	GIAIVWGLVLMALTYTVGHVSGCHLNPAVT
CGGVGJLGIAWAFGGMIFV	MEME-8	Fxa1Bg03423-mRNA-1_Benihoppe_v1	65	83	+	-5.42188	9.68e-06	0.00189	LFSMALRFPAQTLGAVGGA
CGGVGJLGIAWAFGGMIFV	MEME-8	Fxa1Ag03542-mRNA-1_Benihoppe_v1	197	215	+	-5.42188	9.68e-06	0.00189	LFSMALRFPAQTLGAVGGA
RAVJAEFIATLJFVFAGVGSVIAYKK	MEME-6	Fxa6Bg00715-mRNA-1_Benihoppe_v1	110	135	+	-66.1639	1.1e-05	0.00195	EAFVLEFIITFYLMFVVSGVATDSRA
WKDHWIYWVGPFJGALJAA	MEME-3	Fxa5Bg01988-mRNA-1_Benihoppe_v1	57	75	+	-41.8545	1.41e-05	0.00386	VVRAFYYWVAQLLGAIVAS
GQALVAEIIGTFVLVYTVYAVATDKR	MEME-4	Fxa1Bg03423-mRNA-1_Benihoppe_v1	108	133	+	-78.2667	1.78e-05	0.00274	HTGAIAEGLLTFLITFIVLVIILKGP
GQALVAEIIGTFVLVYTVYAVATDKR	MEME-4	Fxa1Ag03542-mRNA-1_Benihoppe_v1	240	265	+	-78.2667	1.78e-05	0.00274	HTGAIAEGLLTFLITFIVLVIILKGP
GQALVAEIIGTFVLVYTVYAVATDKR	MEME-4	Fxa5Dg03404-mRNA-1_Benihoppe_v1	117	142	+	-81.0167	2.62e-05	0.00373	LAAVAIGVTVLFNAMAAGPITGASMN
GQALVAEIIGTFVLVYTVYAVATDKR	MEME-4	Fxa6Bg00715-mRNA-1_Benihoppe_v1	139	164	+	-82.6	3.25e-05	0.00433	LAGLAVGSTVLLNVMFAGPITGASMN
RAVJAEFIATLJFVFAGVGSVIAYKK	MEME-6	Fxa2Cg01599-mRNA-1_Benihoppe_v1	92	117	+	-74.0164	3.38e-05	0.00508	CLVVAGAMALAVFVSITVTGKSGYAG
RAVJAEFIATLJFVFAGVGSVIAYKK	MEME-6	Fxa2Bg00225-mRNA-1_Benihoppe_v1	131	156	+	-74.0164	3.38e-05	0.00508	CLVVAGAMALAVFVSITVTGKSGYAG
GQALVAEIIGTFVLVYTVYAVATDKR	MEME-4	Fxa3Dg00714-mRNA-1_Benihoppe_v1	101	126	+	-84	3.94e-05	0.00492	FAGLAVGSTVLLNVMFAGPITGASMN
CGGVGJLGIAWAFGGMIFV	MEME-8	Fxa1Bg02622-mRNA-1_Benihoppe_v1	76	94	+	-12.5312	4.35e-05	0.00771	ALTEGLLAYAIVTISLGLS
VYSTAHISGGHINPAVTFG	MEME-2	Fxa5Dg03404-mRNA-1_Benihoppe_v1	130	148	+	-58.1579	4.6e-05	0.00658	AMAAGPITGASMNRKEFCP
RAVJAEFIATLJFVFAGVGSVIAYKK	MEME-6	Fxa6Cg01391-mRNA-1_Benihoppe_v1	90	115	+	-76.2951	4.63e-05	0.00647	ILGIAWAFCGMIFVLVYCTAGISGGH
CGGVGJLGIAWAFGGMIFV	MEME-8	Fxa2Bg00225-mRNA-1_Benihoppe_v1	122	140	+	-13.6562	5.43e-05	0.00883	CKELGLAMVCLVVAGAMAL
LVYNVIRFTDKPLREJTKSSSFLKGR	MEME-9	Fxa6Ag04863-mRNA-1_Benihoppe_v1	20	45	+	-77.4179	5.63e-05	0.0473	FTVSVLLHPIKHVGTTSPSGSELQAL
LAPJAIGFAVGANILAAGPITGASMNPARS	MEME-1	Fxa6Dg03789-mRNA-1_Benihoppe_v1	82	111	+	-137.839	5.93e-05	0.00645	ITTIHATVLVLVFSMIGKFLGGASFKPSTT
WKDHWIYWVGPFJGALJAA	MEME-3	Fxa1Ag03542-mRNA-1_Benihoppe_v1	272	290	+	-50.8364	6e-05	0.0146	TLLLAVVTVALVIAGSVYT
PLYIIAQLLGSIVACLLLK	MEME-5	Fxa3Dg00714-mRNA-1_Benihoppe_v1	144	162	+	-42.4237	6.03e-05	0.0107	WIYLVSPILGALCGALVYN
PLYIIAQLLGSIVACLLLK	MEME-5	Fxa6Bg00715-mRNA-1_Benihoppe_v1	182	200	+	-42.4237	6.03e-05	0.0107	WIYLVSPILGALCGALVYN
GQALVAEIIGTFVLVYTVYAVATDKR	MEME-4	Fxa5Dg03404-mRNA-1_Benihoppe_v1	67	92	+	-88.4	7.11e-05	0.00836	LTTVGIAIVWGLVLMALTYTVGHVSG
RAVJAEFIATLJFVFAGVGSVIAYKK	MEME-6	Fxa2Cg01599-mRNA-1_Benihoppe_v1	37	62	+	-79.5574	7.2e-05	0.00938	LVPIAVFIIAFLFLMVTVPLSGGHMS
WKDHWIYWVGPFJGALJAA	MEME-3	Fxa3Dg00714-mRNA-1_Benihoppe_v1	29	47	+	-52.3818	7.62e-05	0.0167	WKEVPAYIIAQVLGSTFAS
PLYIIAQLLGSIVACLLLK	MEME-5	Fxa1Bg02622-mRNA-1_Benihoppe_v1	34	52	+	-43.9661	7.67e-05	0.0124	LFTVAATVPAQVLGSVAGV
CGGVGJLGIAWAFGGMIFV	MEME-8	Fxa1Bg03423-mRNA-1_Benihoppe_v1	74	92	+	-15.7188	8.09e-05	0.0113	AQTLGAVGGALAIKEVIPA
CGGVGJLGIAWAFGGMIFV	MEME-8	Fxa1Ag03542-mRNA-1_Benihoppe_v1	206	224	+	-15.7188	8.09e-05	0.0113	AQTLGAVGGALAIKEVIPA
WKDHWIYWVGPFJGALJAA	MEME-3	Fxa1Bg03423-mRNA-1_Benihoppe_v1	140	158	+	-53.1273	8.53e-05	0.017	TLLLAVVTVALVVAGSVYT
VYSTAHISGGHINPAVTFG	MEME-2	Fxa1Bg02622-mRNA-1_Benihoppe_v1	116	134	+	-62.4912	8.98e-05	0.0113	HILGSDLTGGCMNPASEMG
GQALVAEIIGTFVLVYTVYAVATDKR	MEME-4	Fxa1Bg03423-mRNA-1_Benihoppe_v1	18	43	+	-90.2333	9.05e-05	0.00952	WASFGITTALVFFLVLVFNMIGDALG
GQALVAEIIGTFVLVYTVYAVATDKR	MEME-4	Fxa1Ag03542-mRNA-1_Benihoppe_v1	150	175	+	-90.2333	9.05e-05	0.00952	WASFGITTALVFFLVLVFNMIGDALG
LAPJAIGFAVGANILAAGPITGASMNPARS	MEME-1	Fxa6Dg03789-mRNA-1_Benihoppe_v1	34	63	+	-141.548	9.17e-05	0.00886	RMGNLIKAAVGDAILTSLFVFVAPIIRVFT
MYEQFVJRPSAVKPLGSFR	MEME-11	Fxa3Bg00731-mRNA-1_Benihoppe_v1	16	34	+	-22.8923	9.22e-05	0.041	VEEGKPSSRNSQESSDSFL
MYEQFVJRPSAVKPLGSFR	MEME-11	Fxa3Cg00716-mRNA-1_Benihoppe_v1	16	34	+	-22.8923	9.22e-05	0.041	VEEGKPSSRNSQESSDSFL
RAVJAEFIATLJFVFAGVGSVIAYKK	MEME-6	Fxa1Bg02622-mRNA-1_Benihoppe_v1	70	95	+	-81.459	9.25e-05	0.0113	VDIHKGALTEGLLAYAIVTISLGLSR
VYSTAHISGGHINPAVTFG	MEME-2	Fxa2Cg01599-mRNA-1_Benihoppe_v1	109	127	+	-62.8246	9.44e-05	0.0113	VTGKSGYAGVGLNPARCLG
VYSTAHISGGHINPAVTFG	MEME-2	Fxa2Bg00225-mRNA-1_Benihoppe_v1	148	166	+	-62.8246	9.44e-05	0.0113	VTGKSGYAGVGLNPARCLG
PLYIIAQLLGSIVACLLLK	MEME-5	Fxa1Bg02622-mRNA-1_Benihoppe_v1	149	167	+	-45.339	9.48e-05	0.0142	LVYWLAPIEATLLAVWTSR
LAPJAIGFAVGANILAAGPITGASMNPARS	MEME-1	Fxa2Cg01599-mRNA-1_Benihoppe_v1	94	123	+	-141.919	9.58e-05	0.00886	VVAGAMALAVFVSITVTGKSGYAGVGLNPA
LAPJAIGFAVGANILAAGPITGASMNPARS	MEME-1	Fxa2Bg00225-mRNA-1_Benihoppe_v1	133	162	+	-141.919	9.58e-05	0.00886	VVAGAMALAVFVSITVTGKSGYAGVGLNPA
RAVJAEFIATLJFVFAGVGSVIAYKK	MEME-6	Fxa2Bg00225-mRNA-1_Benihoppe_v1	9	34	+	-81.918	9.82e-05	0.0113	LVPLAVFVIAFLFLMVTVPLSGGHMS

# FIMO (Find Individual Motif Occurrences): Version 5.5.9 compiled on Nov 21 2025 at 19:28:56
# The format of this file is described at https://meme-suite.org/meme/doc/fimo-output-format.html#tsv_results.
# fimo --oc . --verbosity 1 --bgfile --nrdb-- --thresh 1.0E-4 MEME_exonerate_gff3_aqp.txt missing_aquaporins.fasta
